Dataset,Line,Example,Template,ClusterId,Tokens,nltk,stanza,spacy,hanta,treetagger,TagComparison,Majority
Thunderbird,28439275,[INFO]: Generate SM IN_SERVICE trap for GID=0xfe800000000000000005ad0000040e39,[INFO]: Generate SM IN_SERVICE trap for <*>,233,"['(', 'INFO', ')', '.', 'Generate', 'SM', 'IN_SERVICE', 'trap', 'for', 'GID=0xfe800000000000000005ad0000040e39']","['PUNCT', 'PROPN', 'PUNCT', 'PUNCT', 'PROPN', 'PROPN', 'PROPN', 'NOUN', 'ADP', 'PROPN']","['PUNCT', 'NOUN', 'PUNCT', 'PUNCT', 'VERB', 'PROPN', 'PROPN', 'NOUN', 'ADP', 'PROPN']","['PUNCT', 'PROPN', 'PUNCT', 'PUNCT', 'VERB', 'PROPN', 'PROPN', 'NOUN', 'ADP', 'NOUN']","['PUNCT', 'PROPN', 'PUNCT', 'PUNCT', 'VERB', 'PROPN', 'PROPN', 'NOUN', 'ADP', 'NOUN']","['PUNCT', 'NOUN', 'PUNCT', 'PUNCT', 'VERB', 'PROPN', 'PROPN', 'NOUN', 'ADP', 'PROPN']","TagComparison(majority=['PUNCT', 'PROPN', 'PUNCT', 'PUNCT', 'VERB', 'PROPN', 'PROPN', 'NOUN', 'ADP', 'PROPN'], confidence=[1.0, 1.0, 1.0, 1.0, 0.8, 1.0, 1.0, 1.0, 1.0, 1.0], minority=[{}, {}, {}, {}, {'nltk': 'PROPN'}, {}, {}, {}, {}, {}])","['PUNCT', 'PROPN', 'PUNCT', 'PUNCT', 'VERB', 'PROPN', 'PROPN', 'NOUN', 'ADP', 'PROPN']"
Spark,7109853,Received new token for : mesos-master-1:35426,Received new token for : <*>,27,"['Received', 'new', 'token', 'for', '.', 'mesos-master-1:35426']","['VERB', 'ADJ', 'NOUN', 'ADP', 'PUNCT', 'NOUN']","['VERB', 'ADJ', 'NOUN', 'ADP', 'PUNCT', 'PROPN']","['VERB', 'ADJ', 'NOUN', 'ADP', 'PUNCT', 'X']","['VERB', 'ADJ', 'NOUN', 'ADP', 'PUNCT', 'NOUN']","['VERB', 'ADJ', 'NOUN', 'ADP', 'PUNCT', 'NOUN']","TagComparison(majority=['VERB', 'ADJ', 'NOUN', 'ADP', 'PUNCT', 'PROPN'], confidence=[1.0, 1.0, 1.0, 1.0, 1.0, 1.0], minority=[{}, {}, {}, {}, {}, {}])","['VERB', 'ADJ', 'NOUN', 'ADP', 'PUNCT', 'PROPN']"
Android,851,onStartedWakingUp(),onStartedWakingUp(),5,"['onStartedWakingUp', '(', ')']","['NOUN', 'PUNCT', 'PUNCT']","['PROPN', 'PUNCT', 'PUNCT']","['NOUN', 'PUNCT', 'PUNCT']","['PROPN', 'PUNCT', 'PUNCT']","['NOUN', 'PUNCT', 'PUNCT']","TagComparison(majority=['PROPN', 'PUNCT', 'PUNCT'], confidence=[1.0, 1.0, 1.0], minority=[{}, {}, {}])","['PROPN', 'PUNCT', 'PUNCT']"
Android,153035,2016-12-17 20:31:43.073 T:24286    INFO: IQiyiLiveDataProvider::StartModule: Success !,<*> INFO: IQiyiLiveDataProvider::StartModule: Success !,473,"['2016-12-17', '20:31:43.073', 'T:24286', 'INFO', '.', 'IQiyiLiveDataProvider', '.', ':StartModule', '.', 'Success', '.']","['ADJ', 'NUM', 'PROPN', 'PROPN', 'PUNCT', 'PROPN', 'PUNCT', 'NOUN', 'PUNCT', 'PROPN', 'PUNCT']","['NUM', 'NUM', 'NUM', 'NOUN', 'PUNCT', 'PROPN', 'PUNCT', 'PROPN', 'PUNCT', 'NOUN', 'PUNCT']","['NUM', 'NUM', 'ADJ', 'PROPN', 'PUNCT', 'INTJ', 'PUNCT', 'X', 'PUNCT', 'NOUN', 'PUNCT']","['NUM', 'NUM', 'PROPN', 'PROPN', 'PUNCT', 'PROPN', 'PUNCT', 'NOUN', 'PUNCT', 'NOUN', 'PUNCT']","['NUM', 'NUM', 'PROPN', 'NOUN', 'PUNCT', 'PROPN', 'PUNCT', 'NOUN', 'PUNCT', 'NOUN', 'PUNCT']","TagComparison(majority=['NUM', 'NUM', 'PROPN', 'PROPN', 'PUNCT', 'PROPN', 'PUNCT', 'PROPN', 'PUNCT', 'PROPN', 'PUNCT'], confidence=[1.0, 1.0, 0.6, 1.0, 1.0, 0.8, 1.0, 1.0, 1.0, 1.0, 1.0], minority=[{}, {}, {'stanza': 'NUM', 'spacy': 'ADJ'}, {}, {}, {'spacy': 'INTJ'}, {}, {}, {}, {}, {}])","['NUM', 'NUM', 'PROPN', 'PROPN', 'PUNCT', 'PROPN', 'PUNCT', 'PROPN', 'PUNCT', 'PROPN', 'PUNCT']"
Android,60802,random_mix_pool - hexdump(len=5): [REMOVED],random_mix_pool - <*> [REMOVED],231,"['random_mix_pool', '-', 'hexdump', '(', 'len=5', ')', '.', '(', 'REMOVED', ')']","['NOUN', 'PUNCT', 'NOUN', 'PUNCT', 'NOUN', 'PUNCT', 'PUNCT', 'PUNCT', 'PROPN', 'PUNCT']","['NOUN', 'PUNCT', 'NOUN', 'PUNCT', 'NOUN', 'PUNCT', 'PUNCT', 'PUNCT', 'VERB', 'PUNCT']","['NOUN', 'PUNCT', 'NOUN', 'PUNCT', 'NOUN', 'PUNCT', 'PUNCT', 'PUNCT', 'VERB', 'PUNCT']","['NOUN', 'ADP', 'NOUN', 'PUNCT', 'NUM', 'PUNCT', 'PUNCT', 'PUNCT', 'VERB', 'PUNCT']","['NOUN', 'NOUN', 'NOUN', 'PUNCT', 'NOUN', 'PUNCT', 'PUNCT', 'PUNCT', 'VERB', 'PUNCT']","TagComparison(majority=['NOUN', 'PUNCT', 'NOUN', 'PUNCT', 'NOUN', 'PUNCT', 'PUNCT', 'PUNCT', 'VERB', 'PUNCT'], confidence=[1.0, 1.0, 1.0, 1.0, 0.8, 1.0, 1.0, 1.0, 0.8, 1.0], minority=[{}, {}, {}, {}, {'hanta': 'NUM'}, {}, {}, {}, {'nltk': 'PROPN'}, {}])","['NOUN', 'PUNCT', 'NOUN', 'PUNCT', 'NOUN', 'PUNCT', 'PUNCT', 'PUNCT', 'VERB', 'PUNCT']"
Thunderbird,177484970,VIPKL(1): [create_mr] MM_bfor addr=0x17080000 size=0xA000,<*> [create_mr] MM_bfor <*>,742,"['VIPKL', '(', '1', ')', '.', '(', 'create_mr', ')', 'MM_bfor', 'addr=0x17080000', 'size=0xA000']","['PROPN', 'PUNCT', 'NUM', 'PUNCT', 'PUNCT', 'PUNCT', 'NOUN', 'PUNCT', 'PROPN', 'NOUN', 'NOUN']","['PROPN', 'PUNCT', 'NUM', 'PUNCT', 'PUNCT', 'PUNCT', 'NOUN', 'PUNCT', 'PROPN', 'PROPN', 'NOUN']","['PROPN', 'PUNCT', 'NUM', 'PUNCT', 'PUNCT', 'PUNCT', 'NOUN', 'PUNCT', 'ADP', 'PROPN', 'PROPN']","['PROPN', 'PUNCT', 'NUM', 'PUNCT', 'PUNCT', 'PUNCT', 'X', 'PUNCT', 'NOUN', 'NOUN', 'NUM']","['PROPN', 'PUNCT', 'NUM', 'PUNCT', 'PUNCT', 'PUNCT', 'PROPN', 'PUNCT', 'PROPN', 'NOUN', 'NOUN']","TagComparison(majority=['PROPN', 'PUNCT', 'NUM', 'PUNCT', 'PUNCT', 'PUNCT', 'PROPN', 'PUNCT', 'PROPN', 'PROPN', 'NOUN'], confidence=[1.0, 1.0, 1.0, 1.0, 1.0, 1.0, 1.0, 1.0, 0.6, 1.0, 0.6], minority=[{}, {}, {}, {}, {}, {}, {}, {}, {'spacy': 'ADP', 'hanta': 'NOUN'}, {}, {'spacy': 'PROPN', 'hanta': 'NUM'}])","['PROPN', 'PUNCT', 'NUM', 'PUNCT', 'PUNCT', 'PUNCT', 'PROPN', 'PUNCT', 'PROPN', 'PROPN', 'NOUN']"
Thunderbird,37062485,Free pages: 224592kB (0kB HighMem),Free pages: <*> HighMem),351,"['Free', 'pages', '.', '224592kB', '(', '0kB', 'HighMem', ')']","['ADJ', 'NOUN', 'PUNCT', 'NUM', 'PUNCT', 'NUM', 'PROPN', 'PUNCT']","['ADJ', 'NOUN', 'PUNCT', 'PROPN', 'PUNCT', 'PROPN', 'PROPN', 'PUNCT']","['ADJ', 'NOUN', 'PUNCT', 'NUM', 'PUNCT', 'PROPN', 'PROPN', 'PUNCT']","['ADJ', 'NOUN', 'PUNCT', 'NOUN', 'PUNCT', 'X', 'X', 'PUNCT']","['ADJ', 'NOUN', 'PUNCT', 'PROPN', 'PUNCT', 'PROPN', 'PROPN', 'PUNCT']","TagComparison(majority=['ADJ', 'NOUN', 'PUNCT', 'NUM', 'PUNCT', 'NUM', 'PROPN', 'PUNCT'], confidence=[1.0, 1.0, 1.0, 1.0, 1.0, 1.0, 1.0, 1.0], minority=[{}, {}, {}, {}, {}, {}, {}, {}])","['ADJ', 'NOUN', 'PUNCT', 'NUM', 'PUNCT', 'NUM', 'PROPN', 'PUNCT']"
Thunderbird,18739501,MOSAL(1): alegra_3D_alegr[1014]: mnt_projects/sysapps/src/ib/topspin/topspin-src-3.2.0-16/third_party/thca4_linux/kernel/mlxsys/obj_host_amd64_custom1_rhel4/mlxsys/mosal_iobuf.c:1136: MOSAL_mlock_iobuf failed - MT_EAGAIN,<*> MOSAL_mlock_iobuf failed - MT_EAGAIN,211,"['MOSAL', '(', '1', ')', '.', 'alegra_3D_alegr', '(', '1014', ')', '.', 'mnt_projects/sysapps/src/ib/topspin/topspin-src-3.2.0-16/third_party/thca4_linux/kernel/mlxsys/obj_host_amd64_custom1_rhel4/mlxsys/mosal_iobuf.c:1136', '.', 'MOSAL_mlock_iobuf', 'failed', '-', 'MT_EAGAIN']","['PROPN', 'PUNCT', 'NUM', 'PUNCT', 'PUNCT', 'NOUN', 'PUNCT', 'NUM', 'PUNCT', 'PUNCT', 'NOUN', 'PUNCT', 'PROPN', 'VERB', 'PUNCT', 'NOUN']","['PROPN', 'PUNCT', 'NUM', 'PUNCT', 'PUNCT', 'PROPN', 'PUNCT', 'NUM', 'PUNCT', 'PUNCT', 'PROPN', 'PUNCT', 'PROPN', 'VERB', 'PUNCT', 'X']","['NOUN', 'PUNCT', 'NUM', 'PUNCT', 'PUNCT', 'PROPN', 'PUNCT', 'NUM', 'PUNCT', 'PUNCT', 'PROPN', 'PUNCT', 'PROPN', 'VERB', 'PUNCT', 'PROPN']","['NOUN', 'PUNCT', 'NUM', 'PUNCT', 'PUNCT', 'NOUN', 'PUNCT', 'NUM', 'PUNCT', 'PUNCT', 'NOUN', 'PUNCT', 'PROPN', 'VERB', 'ADP', 'PROPN']","['PROPN', 'PUNCT', 'NUM', 'PUNCT', 'PUNCT', 'PROPN', 'PUNCT', 'NUM', 'PUNCT', 'PUNCT', 'NOUN', 'PUNCT', 'PROPN', 'VERB', 'PROPN', 'PROPN']","TagComparison(majority=['PROPN', 'PUNCT', 'NUM', 'PUNCT', 'PUNCT', 'PROPN', 'PUNCT', 'NUM', 'PUNCT', 'PUNCT', 'PROPN', 'PUNCT', 'PROPN', 'VERB', 'PUNCT', 'PROPN'], confidence=[1.0, 1.0, 1.0, 1.0, 1.0, 1.0, 1.0, 1.0, 1.0, 1.0, 1.0, 1.0, 1.0, 1.0, 1.0, 1.0], minority=[{}, {}, {}, {}, {}, {}, {}, {}, {}, {}, {}, {}, {}, {}, {}, {}])","['PROPN', 'PUNCT', 'NUM', 'PUNCT', 'PUNCT', 'PROPN', 'PUNCT', 'NUM', 'PUNCT', 'PUNCT', 'PROPN', 'PUNCT', 'PROPN', 'VERB', 'PUNCT', 'PROPN']"
OpenSSH,4942,input_userauth_request: invalid user nagios [preauth],input_userauth_request: invalid user nagios [preauth],19,"['input_userauth_request', '.', 'invalid', 'user', 'nagios', '(', 'preauth', ')']","['NOUN', 'PUNCT', 'ADJ', 'ADJ', 'NOUN', 'PUNCT', 'NOUN', 'PUNCT']","['PROPN', 'PUNCT', 'ADJ', 'NOUN', 'NOUN', 'PUNCT', 'NOUN', 'PUNCT']","['X', 'PUNCT', 'ADJ', 'NOUN', 'PROPN', 'PUNCT', 'NOUN', 'PUNCT']","['ADJ', 'PUNCT', 'ADJ', 'NOUN', 'NOUN', 'PUNCT', 'ADJ', 'PUNCT']","['NOUN', 'PUNCT', 'ADJ', 'NOUN', 'NOUN', 'PUNCT', 'NOUN', 'PUNCT']","TagComparison(majority=['NOUN', 'PUNCT', 'ADJ', 'NOUN', 'PROPN', 'PUNCT', 'NOUN', 'PUNCT'], confidence=[0.6, 1.0, 1.0, 0.8, 1.0, 1.0, 0.8, 1.0], minority=[{'stanza': 'PROPN', 'hanta': 'ADJ'}, {}, {}, {'nltk': 'ADJ'}, {}, {}, {'hanta': 'ADJ'}, {}])","['NOUN', 'PUNCT', 'ADJ', 'NOUN', 'PROPN', 'PUNCT', 'NOUN', 'PUNCT']"
Zookeeper,17590,caught end of stream exception,caught end of stream exception,15,"['caught', 'end', 'of', 'stream', 'exception']","['ADJ', 'NOUN', 'ADP', 'NOUN', 'NOUN']","['VERB', 'NOUN', 'ADP', 'NOUN', 'NOUN']","['VERB', 'NOUN', 'ADP', 'NOUN', 'NOUN']","['VERB', 'NOUN', 'ADP', 'NOUN', 'NOUN']","['VERB', 'NOUN', 'ADP', 'NOUN', 'NOUN']","TagComparison(majority=['VERB', 'NOUN', 'ADP', 'NOUN', 'NOUN'], confidence=[0.8, 1.0, 1.0, 1.0, 1.0], minority=[{'nltk': 'ADJ'}, {}, {}, {}, {}])","['VERB', 'NOUN', 'ADP', 'NOUN', 'NOUN']"
Spark,28245885,MemoryStore cleared,MemoryStore cleared,63,"['MemoryStore', 'cleared']","['ADV', 'VERB']","['PROPN', 'VERB']","['NOUN', 'VERB']","['PROPN', 'VERB']","['PROPN', 'VERB']","TagComparison(majority=['PROPN', 'VERB'], confidence=[0.6, 1.0], minority=[{'nltk': 'ADV', 'spacy': 'NOUN'}, {}])","['PROPN', 'VERB']"
Spark,27033892,Starting remoting,Starting remoting,72,"['Starting', 'remoting']","['VERB', 'VERB']","['VERB', 'NOUN']","['VERB', 'NOUN']","['VERB', 'NOUN']","['VERB', 'NOUN']","TagComparison(majority=['VERB', 'NOUN'], confidence=[1.0, 0.8], minority=[{}, {'nltk': 'VERB'}])","['VERB', 'NOUN']"
Android,40961,[HME_JPEG_DEC_Delete](3298): HME_JPEG_DEC_Delete: decoder_ctx=null,<*> HME_JPEG_DEC_Delete: decoder_ctx=null,162,"['(', 'HME_JPEG_DEC_Delete', ')', '(', '3298', ')', '.', 'HME_JPEG_DEC_Delete', '.', 'decoder_ctx=null']","['PUNCT', 'PROPN', 'PUNCT', 'PUNCT', 'NUM', 'PUNCT', 'PUNCT', 'PROPN', 'PUNCT', 'NOUN']","['PUNCT', 'PROPN', 'PUNCT', 'PUNCT', 'NUM', 'PUNCT', 'PUNCT', 'PROPN', 'PUNCT', 'PROPN']","['PUNCT', 'INTJ', 'PUNCT', 'PUNCT', 'NUM', 'PUNCT', 'PUNCT', 'ADJ', 'PUNCT', 'ADJ']","['PUNCT', 'ADJ', 'PUNCT', 'PUNCT', 'NUM', 'PUNCT', 'PUNCT', 'ADJ', 'PUNCT', 'NOUN']","['PUNCT', 'PROPN', 'PUNCT', 'PUNCT', 'NUM', 'PUNCT', 'PUNCT', 'PROPN', 'PUNCT', 'NOUN']","TagComparison(majority=['PUNCT', 'PROPN', 'PUNCT', 'PUNCT', 'NUM', 'PUNCT', 'PUNCT', 'PROPN', 'PUNCT', 'NOUN'], confidence=[1.0, 0.6, 1.0, 1.0, 1.0, 1.0, 1.0, 0.6, 1.0, 0.6], minority=[{}, {'spacy': 'INTJ', 'hanta': 'ADJ'}, {}, {}, {}, {}, {}, {'spacy': 'ADJ', 'hanta': 'ADJ'}, {}, {'stanza': 'PROPN', 'spacy': 'ADJ'}])","['PUNCT', 'PROPN', 'PUNCT', 'PUNCT', 'NUM', 'PUNCT', 'PUNCT', 'PROPN', 'PUNCT', 'NOUN']"
Android,92614,keyAppBroadcastQueueForIntent intent Intent { act=ALARM_ACTION(4492) flg=0x14 (has extras) } on bgkeyapp queue,keyAppBroadcastQueueForIntent intent Intent { <*> (has extras) } on bgkeyapp queue,350,"['keyAppBroadcastQueueForIntent', 'intent', 'Intent', '(', 'act=ALARM_ACTION', '(', '4492', ')', 'flg=0x14', '(', 'has', 'extras', ')', ')', 'on', 'bgkeyapp', 'queue']","['ADJ', 'NOUN', 'PROPN', 'PUNCT', 'NOUN', 'PUNCT', 'NUM', 'PUNCT', 'NOUN', 'PUNCT', 'VERB', 'VERB', 'PUNCT', 'PUNCT', 'ADP', 'NOUN', 'NOUN']","['PROPN', 'NOUN', 'NOUN', 'PUNCT', 'PROPN', 'PUNCT', 'NUM', 'PUNCT', 'NOUN', 'PUNCT', 'VERB', 'NOUN', 'PUNCT', 'PUNCT', 'ADP', 'PROPN', 'NOUN']","['ADJ', 'NOUN', 'PROPN', 'PUNCT', 'PROPN', 'PUNCT', 'NUM', 'PUNCT', 'PUNCT', 'PUNCT', 'VERB', 'NOUN', 'PUNCT', 'PUNCT', 'ADP', 'NOUN', 'NOUN']","['ADJ', 'NOUN', 'NOUN', 'PUNCT', 'NOUN', 'PUNCT', 'NUM', 'PUNCT', 'NOUN', 'PUNCT', 'AUX', 'NOUN', 'PUNCT', 'PUNCT', 'ADP', 'NOUN', 'VERB']","['ADJ', 'NOUN', 'NOUN', 'PUNCT', 'NOUN', 'PUNCT', 'NUM', 'PUNCT', 'NOUN', 'PUNCT', 'AUX', 'NOUN', 'PUNCT', 'PUNCT', 'ADP', 'PROPN', 'NOUN']","TagComparison(majority=['ADJ', 'NOUN', 'PROPN', 'PUNCT', 'PROPN', 'PUNCT', 'NUM', 'PUNCT', 'NOUN', 'PUNCT', 'AUX', 'NOUN', 'PUNCT', 'PUNCT', 'ADP', 'PROPN', 'NOUN'], confidence=[0.8, 1.0, 1.0, 1.0, 1.0, 1.0, 1.0, 1.0, 0.8, 1.0, 1.0, 0.8, 1.0, 1.0, 1.0, 1.0, 0.8], minority=[{'stanza': 'PROPN'}, {}, {}, {}, {}, {}, {}, {}, {'spacy': 'PUNCT'}, {}, {}, {'nltk': 'VERB'}, {}, {}, {}, {}, {'hanta': 'VERB'}])","['ADJ', 'NOUN', 'PROPN', 'PUNCT', 'PROPN', 'PUNCT', 'NUM', 'PUNCT', 'NOUN', 'PUNCT', 'AUX', 'NOUN', 'PUNCT', 'PUNCT', 'ADP', 'PROPN', 'NOUN']"
Mac,5075,10:46:47.980 : Starting AirDrop server for user 501 on wake,<*> : Starting AirDrop server for user <*> on wake,122,"['10:46:47.980', '.', 'Starting', 'AirDrop', 'server', 'for', 'user', '501', 'on', 'wake']","['NUM', 'PUNCT', 'VERB', 'PROPN', 'NOUN', 'ADP', 'ADJ', 'NUM', 'ADP', 'NOUN']","['NUM', 'PUNCT', 'NOUN', 'NOUN', 'NOUN', 'ADP', 'NOUN', 'NUM', 'ADP', 'NOUN']","['NUM', 'PUNCT', 'VERB', 'PROPN', 'NOUN', 'ADP', 'NOUN', 'NUM', 'ADP', 'NOUN']","['NUM', 'PUNCT', 'VERB', 'NOUN', 'NOUN', 'ADP', 'NOUN', 'NUM', 'ADP', 'NOUN']","['X', 'PUNCT', 'VERB', 'NOUN', 'NOUN', 'ADP', 'NOUN', 'NUM', 'ADP', 'NOUN']","TagComparison(majority=['NUM', 'PUNCT', 'VERB', 'PROPN', 'NOUN', 'ADP', 'NOUN', 'NUM', 'ADP', 'NOUN'], confidence=[1.0, 1.0, 0.8, 1.0, 1.0, 1.0, 0.8, 1.0, 1.0, 1.0], minority=[{}, {}, {'stanza': 'NOUN'}, {}, {}, {}, {'nltk': 'ADJ'}, {}, {}, {}])","['NUM', 'PUNCT', 'VERB', 'PROPN', 'NOUN', 'ADP', 'NOUN', 'NUM', 'ADP', 'NOUN']"
Hadoop,13560,yarn.client.max-cached-nodemanagers-proxies : 0,yarn.client.max-cached-nodemanagers-proxies : <*>,71,"['yarn.client.max-cached-nodemanagers-proxies', '.', '0']","['NOUN', 'PUNCT', 'NUM']","['PROPN', 'PUNCT', 'NUM']","['NOUN', 'PUNCT', 'NUM']","['NOUN', 'PUNCT', 'NUM']","['NOUN', 'PUNCT', 'NUM']","TagComparison(majority=['PROPN', 'PUNCT', 'NUM'], confidence=[1.0, 1.0, 1.0], minority=[{}, {}, {}])","['PROPN', 'PUNCT', 'NUM']"
Linux,731,connection from 222.33.90.199 () at Sun Jun 12 00:07:45 2005,connection from <*> () at Sun Jun <*>,152,"['connection', 'from', '222.33.90.199', '(', ')', 'at', 'Sun', 'Jun', '12', '00:07:45', '2005']","['NOUN', 'ADP', 'NUM', 'PUNCT', 'PUNCT', 'ADP', 'PROPN', 'PROPN', 'NUM', 'NUM', 'NUM']","['NOUN', 'ADP', 'NUM', 'PUNCT', 'PUNCT', 'ADP', 'PROPN', 'PROPN', 'NUM', 'NUM', 'NUM']","['NOUN', 'ADP', 'NUM', 'PUNCT', 'PUNCT', 'ADP', 'PROPN', 'PROPN', 'NUM', 'NUM', 'NUM']","['NOUN', 'ADP', 'NUM', 'PUNCT', 'PUNCT', 'ADP', 'NOUN', 'PROPN', 'NUM', 'NUM', 'NUM']","['NOUN', 'ADP', 'NUM', 'PUNCT', 'PUNCT', 'ADP', 'PROPN', 'PROPN', 'NUM', 'NUM', 'NUM']","TagComparison(majority=['NOUN', 'ADP', 'NUM', 'PUNCT', 'PUNCT', 'ADP', 'PROPN', 'PROPN', 'NUM', 'NUM', 'NUM'], confidence=[1.0, 1.0, 1.0, 1.0, 1.0, 1.0, 1.0, 1.0, 1.0, 1.0, 1.0], minority=[{}, {}, {}, {}, {}, {}, {}, {}, {}, {}, {}])","['NOUN', 'ADP', 'NUM', 'PUNCT', 'PUNCT', 'ADP', 'PROPN', 'PROPN', 'NUM', 'NUM', 'NUM']"
OpenSSH,569,Failed password for root from 187.141.143.180 port 47004 ssh2,Failed password for root from <*> port <*>,5,"['Failed', 'password', 'for', 'root', 'from', '187.141.143.180', 'port', '47004', 'ssh2']","['VERB', 'NOUN', 'ADP', 'NOUN', 'ADP', 'NUM', 'NOUN', 'NUM', 'NOUN']","['VERB', 'NOUN', 'ADP', 'NOUN', 'ADP', 'NUM', 'NOUN', 'NUM', 'NOUN']","['VERB', 'NOUN', 'ADP', 'NOUN', 'ADP', 'NUM', 'NOUN', 'NUM', 'PROPN']","['VERB', 'NOUN', 'ADP', 'NOUN', 'ADP', 'NOUN', 'NOUN', 'NUM', 'NUM']","['VERB', 'NOUN', 'ADP', 'NOUN', 'ADP', 'NUM', 'NOUN', 'NUM', 'NOUN']","TagComparison(majority=['VERB', 'NOUN', 'ADP', 'NOUN', 'ADP', 'NUM', 'NOUN', 'NUM', 'NOUN'], confidence=[1.0, 1.0, 1.0, 1.0, 1.0, 0.8, 1.0, 1.0, 0.6], minority=[{}, {}, {}, {}, {}, {'hanta': 'NOUN'}, {}, {}, {'spacy': 'PROPN', 'hanta': 'NUM'}])","['VERB', 'NOUN', 'ADP', 'NOUN', 'ADP', 'NUM', 'NOUN', 'NUM', 'NOUN']"
Android,47287,Clock getDataFormat the getSystemString failed.,Clock getDataFormat the getSystemString failed.,187,"['Clock', 'getDataFormat', 'the', 'getSystemString', 'failed', '.']","['PROPN', 'VERB', 'DET', 'NOUN', 'VERB', 'PUNCT']","['NOUN', 'NOUN', 'DET', 'NOUN', 'VERB', 'PUNCT']","['NOUN', 'NOUN', 'DET', 'NOUN', 'VERB', 'PUNCT']","['NOUN', 'NOUN', 'DET', 'NOUN', 'VERB', 'PUNCT']","['NOUN', 'NOUN', 'DET', 'NOUN', 'VERB', 'PUNCT']","TagComparison(majority=['PROPN', 'NOUN', 'DET', 'NOUN', 'VERB', 'PUNCT'], confidence=[1.0, 0.8, 1.0, 1.0, 1.0, 1.0], minority=[{}, {'nltk': 'VERB'}, {}, {}, {}, {}])","['PROPN', 'NOUN', 'DET', 'NOUN', 'VERB', 'PUNCT']"
OpenSSH,716,input_userauth_request: invalid user butter [preauth],input_userauth_request: invalid user butter [preauth],8,"['input_userauth_request', '.', 'invalid', 'user', 'butter', '(', 'preauth', ')']","['NOUN', 'PUNCT', 'ADJ', 'NOUN', 'NOUN', 'PUNCT', 'NOUN', 'PUNCT']","['PROPN', 'PUNCT', 'ADJ', 'NOUN', 'NOUN', 'PUNCT', 'NOUN', 'PUNCT']","['X', 'PUNCT', 'ADJ', 'NOUN', 'NOUN', 'PUNCT', 'NOUN', 'PUNCT']","['ADJ', 'PUNCT', 'ADJ', 'NOUN', 'NOUN', 'PUNCT', 'NOUN', 'PUNCT']","['NOUN', 'PUNCT', 'ADJ', 'NOUN', 'NOUN', 'PUNCT', 'NOUN', 'PUNCT']","TagComparison(majority=['NOUN', 'PUNCT', 'ADJ', 'NOUN', 'NOUN', 'PUNCT', 'NOUN', 'PUNCT'], confidence=[0.6, 1.0, 1.0, 1.0, 1.0, 1.0, 1.0, 1.0], minority=[{'stanza': 'PROPN', 'hanta': 'ADJ'}, {}, {}, {}, {}, {}, {}, {}])","['NOUN', 'PUNCT', 'ADJ', 'NOUN', 'NOUN', 'PUNCT', 'NOUN', 'PUNCT']"
Android,364171,getAntPosition antWorkState is -1,getAntPosition antWorkState is <*>,861,"['getAntPosition', 'antWorkState', 'is', '-1']","['NOUN', 'NOUN', 'VERB', 'ADJ']","['PROPN', 'PROPN', 'AUX', 'NUM']","['NOUN', 'NOUN', 'AUX', 'PUNCT']","['NOUN', 'NOUN', 'AUX', 'NUM']","['NOUN', 'NOUN', 'VERB', 'NUM']","TagComparison(majority=['PROPN', 'PROPN', 'AUX', 'NUM'], confidence=[1.0, 1.0, 1.0, 1.0], minority=[{}, {}, {}, {}])","['PROPN', 'PROPN', 'AUX', 'NUM']"
Hadoop,13560,yarn.client.max-cached-nodemanagers-proxies : 0,yarn.client.max-cached-nodemanagers-proxies : <*>,71,"['yarn.client.max-cached-nodemanagers-proxies', '.', '0']","['NOUN', 'PUNCT', 'NUM']","['PROPN', 'PUNCT', 'NUM']","['NOUN', 'PUNCT', 'NUM']","['NOUN', 'PUNCT', 'NUM']","['NOUN', 'PUNCT', 'NUM']","TagComparison(majority=['PROPN', 'PUNCT', 'NUM'], confidence=[1.0, 1.0, 1.0], minority=[{}, {}, {}])","['PROPN', 'PUNCT', 'NUM']"
Linux,461,"hda: 29336832 sectors (15020 MB) w/1916KiB Cache, CHS=29104/16/63, UDMA(66)","hda: <*> sectors <*> MB) <*> Cache, <*>",123,"['hda', '.', '29336832', 'sectors', '(', '15020', 'MB', ')', 'w/1916KiB', 'Cache', '.', 'CHS=29104/16/63', '.', 'UDMA', '(', '66', ')']","['NOUN', 'PUNCT', 'NUM', 'NOUN', 'PUNCT', 'NUM', 'PROPN', 'PUNCT', 'NOUN', 'PROPN', 'PUNCT', 'PROPN', 'PUNCT', 'PROPN', 'PUNCT', 'NUM', 'PUNCT']","['NOUN', 'PUNCT', 'NUM', 'NOUN', 'PUNCT', 'NUM', 'PROPN', 'PUNCT', 'NOUN', 'NOUN', 'PUNCT', 'PROPN', 'PUNCT', 'NOUN', 'PUNCT', 'NUM', 'PUNCT']","['VERB', 'PUNCT', 'NUM', 'NOUN', 'PUNCT', 'NUM', 'NOUN', 'PUNCT', 'NOUN', 'NOUN', 'PUNCT', 'INTJ', 'PUNCT', 'PROPN', 'PUNCT', 'NUM', 'PUNCT']","['PROPN', 'PUNCT', 'NUM', 'NOUN', 'PUNCT', 'NUM', 'PROPN', 'PUNCT', 'NOUN', 'NOUN', 'PUNCT', 'NOUN', 'PUNCT', 'PROPN', 'PUNCT', 'NUM', 'PUNCT']","['NOUN', 'PUNCT', 'NUM', 'NOUN', 'PUNCT', 'NUM', 'PROPN', 'PUNCT', 'PROPN', 'PROPN', 'PUNCT', 'PROPN', 'PUNCT', 'PROPN', 'PUNCT', 'NUM', 'PUNCT']","TagComparison(majority=['NOUN', 'PUNCT', 'NUM', 'NOUN', 'PUNCT', 'NUM', 'PROPN', 'PUNCT', 'PROPN', 'PROPN', 'PUNCT', 'PROPN', 'PUNCT', 'PROPN', 'PUNCT', 'NUM', 'PUNCT'], confidence=[0.6, 1.0, 1.0, 1.0, 1.0, 1.0, 1.0, 1.0, 1.0, 1.0, 1.0, 0.6, 1.0, 1.0, 1.0, 1.0, 1.0], minority=[{'spacy': 'VERB', 'hanta': 'PROPN'}, {}, {}, {}, {}, {}, {}, {}, {}, {}, {}, {'spacy': 'INTJ', 'hanta': 'NOUN'}, {}, {}, {}, {}, {}])","['NOUN', 'PUNCT', 'NUM', 'NOUN', 'PUNCT', 'NUM', 'PROPN', 'PUNCT', 'PROPN', 'PROPN', 'PUNCT', 'PROPN', 'PUNCT', 'PROPN', 'PUNCT', 'NUM', 'PUNCT']"
OpenSSH,205,Failed none for invalid user admin from 5.188.10.180 port 52631 ssh2,Failed none for invalid user admin from <*> port <*>,3,"['Failed', 'none', 'for', 'invalid', 'user', 'admin', 'from', '5.188.10.180', 'port', '52631', 'ssh2']","['VERB', 'NOUN', 'ADP', 'ADJ', 'NOUN', 'NOUN', 'ADP', 'NUM', 'NOUN', 'NUM', 'NOUN']","['VERB', 'PRON', 'ADP', 'ADJ', 'NOUN', 'NOUN', 'ADP', 'NUM', 'NOUN', 'NUM', 'NOUN']","['VERB', 'NOUN', 'ADP', 'ADJ', 'NOUN', 'NOUN', 'ADP', 'NUM', 'NOUN', 'NUM', 'PROPN']","['VERB', 'NOUN', 'ADP', 'ADJ', 'NOUN', 'NOUN', 'ADP', 'NUM', 'NOUN', 'NUM', 'NUM']","['VERB', 'NOUN', 'ADP', 'ADJ', 'NOUN', 'NOUN', 'ADP', 'NUM', 'NOUN', 'NUM', 'NOUN']","TagComparison(majority=['VERB', 'NOUN', 'ADP', 'ADJ', 'NOUN', 'NOUN', 'ADP', 'NUM', 'NOUN', 'NUM', 'NOUN'], confidence=[1.0, 0.8, 1.0, 1.0, 1.0, 1.0, 1.0, 1.0, 1.0, 1.0, 0.6], minority=[{}, {'stanza': 'PRON'}, {}, {}, {}, {}, {}, {}, {}, {}, {'spacy': 'PROPN', 'hanta': 'NUM'}])","['VERB', 'NOUN', 'ADP', 'ADJ', 'NOUN', 'NOUN', 'ADP', 'NUM', 'NOUN', 'NUM', 'NOUN']"
Android,694510,RCV <- {200 12042 Bandwidth command succeeeded},RCV <- <*> Bandwidth command succeeeded},1284,"['RCV', '<', '-', '(', '200', '12042', 'Bandwidth', 'command', 'succeeeded', ')']","['PROPN', 'PROPN', 'PUNCT', 'PUNCT', 'NUM', 'NUM', 'PROPN', 'NOUN', 'VERB', 'PUNCT']","['PROPN', 'PUNCT', 'PUNCT', 'PUNCT', 'NUM', 'NUM', 'NOUN', 'NOUN', 'VERB', 'PUNCT']","['PROPN', 'X', 'PUNCT', 'PUNCT', 'NUM', 'NUM', 'PROPN', 'NOUN', 'VERB', 'PUNCT']","['PROPN', 'NUM', 'ADP', 'PUNCT', 'NUM', 'NUM', 'NOUN', 'NOUN', 'VERB', 'PUNCT']","['NOUN', 'SYM', 'NOUN', 'PUNCT', 'NUM', 'NUM', 'NOUN', 'NOUN', 'VERB', 'PUNCT']","TagComparison(majority=['PROPN', 'PUNCT', 'PUNCT', 'PUNCT', 'NUM', 'NUM', 'PROPN', 'NOUN', 'VERB', 'PUNCT'], confidence=[1.0, 1.0, 1.0, 1.0, 1.0, 1.0, 1.0, 1.0, 1.0, 1.0], minority=[{}, {}, {}, {}, {}, {}, {}, {}, {}, {}])","['PROPN', 'PUNCT', 'PUNCT', 'PUNCT', 'NUM', 'NUM', 'PROPN', 'NOUN', 'VERB', 'PUNCT']"
Android,18727,transferRemoteInputFocus: 0,transferRemoteInputFocus: <*>,83,"['transferRemoteInputFocus', '.', '0']","['NOUN', 'PUNCT', 'NUM']","['PROPN', 'PUNCT', 'NUM']","['INTJ', 'PUNCT', 'NUM']","['NOUN', 'PUNCT', 'NUM']","['NOUN', 'PUNCT', 'NUM']","TagComparison(majority=['NOUN', 'PUNCT', 'NUM'], confidence=[0.6, 1.0, 1.0], minority=[{'stanza': 'PROPN', 'spacy': 'INTJ'}, {}, {}])","['NOUN', 'PUNCT', 'NUM']"
Linux,291,creating device node '/udev/vcs2',creating device node <*>,91,"['creating', 'device', 'node', ""'"", '/udev/vcs2', ""'""]","['VERB', 'NOUN', 'NOUN', 'PUNCT', 'NOUN', 'PART']","['VERB', 'NOUN', 'NOUN', 'PUNCT', 'X', 'PUNCT']","['VERB', 'NOUN', 'NOUN', 'PUNCT', 'PUNCT', 'PUNCT']","['VERB', 'NOUN', 'NOUN', 'PUNCT', 'NOUN', 'PUNCT']","['VERB', 'NOUN', 'NOUN', 'PART', 'NOUN', 'PUNCT']","TagComparison(majority=['VERB', 'NOUN', 'NOUN', 'PUNCT', 'NOUN', 'PUNCT'], confidence=[1.0, 1.0, 1.0, 1.0, 0.8, 1.0], minority=[{}, {}, {}, {}, {'spacy': 'PUNCT'}, {}])","['VERB', 'NOUN', 'NOUN', 'PUNCT', 'NOUN', 'PUNCT']"
Android,28926,wlan0: Control interface command 'BSS RANGE=513- MASK=0x3029d87',<*> Control interface command 'BSS <*>,118,"['wlan0', '.', 'Control', 'interface', 'command', ""'"", 'BSS', 'RANGE=513-', 'MASK=0x3029d87', ""'""]","['NOUN', 'PUNCT', 'PROPN', 'NOUN', 'NOUN', 'PUNCT', 'PROPN', 'PROPN', 'PROPN', 'PART']","['NOUN', 'PUNCT', 'NOUN', 'NOUN', 'NOUN', 'PUNCT', 'NOUN', 'PUNCT', 'PROPN', 'PUNCT']","['NOUN', 'PUNCT', 'PROPN', 'NOUN', 'NOUN', 'PUNCT', 'PROPN', 'PROPN', 'PROPN', 'PUNCT']","['NUM', 'PUNCT', 'NOUN', 'NOUN', 'NOUN', 'PUNCT', 'PROPN', 'PROPN', 'PROPN', 'PUNCT']","['NOUN', 'PUNCT', 'NOUN', 'NOUN', 'NOUN', 'PART', 'PROPN', 'PROPN', 'PROPN', 'PART']","TagComparison(majority=['NOUN', 'PUNCT', 'PROPN', 'NOUN', 'NOUN', 'PUNCT', 'PROPN', 'PROPN', 'PROPN', 'PUNCT'], confidence=[0.8, 1.0, 1.0, 1.0, 1.0, 1.0, 1.0, 0.8, 1.0, 1.0], minority=[{'hanta': 'NUM'}, {}, {}, {}, {}, {}, {}, {'stanza': 'PUNCT'}, {}, {}])","['NOUN', 'PUNCT', 'PROPN', 'NOUN', 'NOUN', 'PUNCT', 'PROPN', 'PROPN', 'PROPN', 'PUNCT']"
Android,395138,"dispatch ordered broadcast [background] BroadcastRecord{35d776d u0 com.huawei.hwsystemmanager.power.SCHEDULE_RECORD_REMAING_TIME_SCENE}, has 1 receivers","dispatch ordered broadcast [background] <*> com.huawei.hwsystemmanager.power.SCHEDULE_RECORD_REMAING_TIME_SCENE}, has <*> receivers",929,"['dispatch', 'ordered', 'broadcast', '(', 'background', ')', 'BroadcastRecord', '(', '35d776d', 'u0', 'com.huawei.hwsystemmanager.power.SCHEDULE_RECORD_REMAING_TIME_SCENE', ')', '.', 'has', '1', 'receivers']","['NOUN', 'VERB', 'NOUN', 'PUNCT', 'NOUN', 'PUNCT', 'PROPN', 'PUNCT', 'NUM', 'ADV', 'NOUN', 'PUNCT', 'PUNCT', 'VERB', 'NUM', 'NOUN']","['NOUN', 'VERB', 'NOUN', 'PUNCT', 'NOUN', 'PUNCT', 'PROPN', 'PUNCT', 'PROPN', 'NOUN', 'PROPN', 'PUNCT', 'PUNCT', 'VERB', 'NUM', 'NOUN']","['NOUN', 'VERB', 'NOUN', 'PUNCT', 'NOUN', 'PUNCT', 'PROPN', 'PUNCT', 'NUM', 'PROPN', 'X', 'PUNCT', 'PUNCT', 'VERB', 'NUM', 'NOUN']","['VERB', 'VERB', 'NOUN', 'PUNCT', 'NOUN', 'PUNCT', 'NOUN', 'PUNCT', 'X', 'X', 'NOUN', 'PUNCT', 'PUNCT', 'AUX', 'NUM', 'NOUN']","['NOUN', 'VERB', 'NOUN', 'PUNCT', 'NOUN', 'PUNCT', 'PROPN', 'PUNCT', 'ADJ', 'NOUN', 'NOUN', 'PUNCT', 'PUNCT', 'AUX', 'NUM', 'NOUN']","TagComparison(majority=['NOUN', 'VERB', 'NOUN', 'PUNCT', 'NOUN', 'PUNCT', 'PROPN', 'PUNCT', 'NUM', 'NOUN', 'PROPN', 'PUNCT', 'PUNCT', 'AUX', 'NUM', 'NOUN'], confidence=[0.8, 1.0, 1.0, 1.0, 1.0, 1.0, 1.0, 1.0, 1.0, 0.6, 1.0, 1.0, 1.0, 1.0, 1.0, 1.0], minority=[{'hanta': 'VERB'}, {}, {}, {}, {}, {}, {}, {}, {}, {'nltk': 'ADV', 'spacy': 'PROPN'}, {}, {}, {}, {}, {}, {}])","['NOUN', 'VERB', 'NOUN', 'PUNCT', 'NOUN', 'PUNCT', 'PROPN', 'PUNCT', 'NUM', 'NOUN', 'PROPN', 'PUNCT', 'PUNCT', 'AUX', 'NUM', 'NOUN']"
Thunderbird,36370193,Mem-info:,Mem-info:,350,"['Mem-info', '.']","['PROPN', 'PUNCT']","['NOUN', 'PUNCT']","['PROPN', 'PUNCT']","['PROPN', 'PUNCT']","['PROPN', 'PUNCT']","TagComparison(majority=['PROPN', 'PUNCT'], confidence=[1.0, 1.0], minority=[{}, {}])","['PROPN', 'PUNCT']"
Zookeeper,52264,Getting a snapshot from leader,Getting a snapshot from leader,77,"['Getting', 'a', 'snapshot', 'from', 'leader']","['VERB', 'DET', 'NOUN', 'ADP', 'NOUN']","['VERB', 'DET', 'NOUN', 'ADP', 'NOUN']","['VERB', 'DET', 'NOUN', 'ADP', 'NOUN']","['VERB', 'DET', 'NOUN', 'ADP', 'NOUN']","['VERB', 'DET', 'NOUN', 'ADP', 'NOUN']","TagComparison(majority=['VERB', 'DET', 'NOUN', 'ADP', 'NOUN'], confidence=[1.0, 1.0, 1.0, 1.0, 1.0], minority=[{}, {}, {}, {}, {}])","['VERB', 'DET', 'NOUN', 'ADP', 'NOUN']"
Android,1309717,addCurrentApInfo info is already there,addCurrentApInfo info is already there,1986,"['addCurrentApInfo', 'info', 'is', 'already', 'there']","['NOUN', 'NOUN', 'VERB', 'ADV', 'DET']","['PROPN', 'NOUN', 'AUX', 'ADV', 'ADV']","['VERB', 'NOUN', 'AUX', 'ADV', 'ADV']","['X', 'X', 'AUX', 'ADV', 'ADV']","['NOUN', 'NOUN', 'VERB', 'ADV', 'ADV']","TagComparison(majority=['NOUN', 'NOUN', 'AUX', 'ADV', 'ADV'], confidence=[0.6, 1.0, 1.0, 1.0, 0.8], minority=[{'stanza': 'PROPN', 'spacy': 'VERB'}, {}, {}, {}, {'nltk': 'DET'}])","['NOUN', 'NOUN', 'AUX', 'ADV', 'ADV']"
Thunderbird,31655444,Initializing CPU#1,Initializing <*>,298,"['Initializing', 'CPU', '#', '1']","['VERB', 'PROPN', 'SYM', 'NUM']","['VERB', 'NOUN', 'SYM', 'NUM']","['VERB', 'NOUN', 'SYM', 'NUM']","['NOUN', 'PROPN', 'NUM', 'NUM']","['VERB', 'PROPN', 'SYM', 'NUM']","TagComparison(majority=['VERB', 'PROPN', 'PUNCT', 'NUM'], confidence=[0.8, 1.0, 1.0, 1.0], minority=[{'hanta': 'NOUN'}, {}, {}, {}])","['VERB', 'PROPN', 'PUNCT', 'NUM']"
Android,1076843,OKC-Native: Append OKC IE!,OKC-Native: Append OKC IE!,1703,"['OKC-Native', '.', 'Append', 'OKC', 'IE', '.']","['ADJ', 'PUNCT', 'PROPN', 'PROPN', 'PROPN', 'PUNCT']","['PROPN', 'PUNCT', 'VERB', 'PROPN', 'PROPN', 'PUNCT']","['VERB', 'PUNCT', 'VERB', 'PROPN', 'PROPN', 'PUNCT']","['ADJ', 'PUNCT', 'VERB', 'PROPN', 'NOUN', 'PUNCT']","['ADJ', 'PUNCT', 'VERB', 'PROPN', 'PROPN', 'PUNCT']","TagComparison(majority=['ADJ', 'PUNCT', 'VERB', 'PROPN', 'PROPN', 'PUNCT'], confidence=[0.6, 1.0, 0.8, 1.0, 1.0, 1.0], minority=[{'stanza': 'PROPN', 'spacy': 'VERB'}, {}, {'nltk': 'PROPN'}, {}, {}, {}])","['ADJ', 'PUNCT', 'VERB', 'PROPN', 'PROPN', 'PUNCT']"
Android,962413,"removeAppNetworkRestrict >> com.android.browser, uids : [10029]","removeAppNetworkRestrict >> com.android.browser, uids : <*>",1531,"['removeAppNetworkRestrict', '>', '>', 'com.android.browser', '.', 'uids', '.', '(', '10029', ')']","['NOUN', 'PROPN', 'PROPN', 'NOUN', 'PUNCT', 'NOUN', 'PUNCT', 'PUNCT', 'NUM', 'PUNCT']","['PROPN', 'PUNCT', 'PUNCT', 'NOUN', 'PUNCT', 'NOUN', 'PUNCT', 'PUNCT', 'NUM', 'PUNCT']","['NUM', 'X', 'X', 'X', 'PUNCT', 'NOUN', 'PUNCT', 'PUNCT', 'NUM', 'PUNCT']","['NOUN', 'NUM', 'NOUN', 'NOUN', 'PUNCT', 'NOUN', 'PUNCT', 'PUNCT', 'NUM', 'PUNCT']","['NOUN', 'SYM', 'SYM', 'NOUN', 'PUNCT', 'NOUN', 'PUNCT', 'PUNCT', 'NUM', 'PUNCT']","TagComparison(majority=['NOUN', 'PUNCT', 'PUNCT', 'NOUN', 'PUNCT', 'NOUN', 'PUNCT', 'PUNCT', 'NUM', 'PUNCT'], confidence=[0.6, 1.0, 1.0, 1.0, 1.0, 1.0, 1.0, 1.0, 1.0, 1.0], minority=[{'stanza': 'PROPN', 'spacy': 'NUM'}, {}, {}, {}, {}, {}, {}, {}, {}, {}])","['NOUN', 'PUNCT', 'PUNCT', 'NOUN', 'PUNCT', 'NOUN', 'PUNCT', 'PUNCT', 'NUM', 'PUNCT']"
Spark,5702088,Preparing Local resources,Preparing Local resources,67,"['Preparing', 'Local', 'resources']","['VERB', 'ADJ', 'NOUN']","['VERB', 'ADJ', 'NOUN']","['VERB', 'ADJ', 'NOUN']","['VERB', 'ADJ', 'NOUN']","['VERB', 'ADJ', 'NOUN']","TagComparison(majority=['VERB', 'ADJ', 'NOUN'], confidence=[1.0, 1.0, 1.0], minority=[{}, {}, {}])","['VERB', 'ADJ', 'NOUN']"
BGL,627704,floating pt ex mode 0 enable......0,floating pt ex mode <*>,45,"['floating', 'pt', 'ex', 'mode', '0', 'enable', '......', '0']","['VERB', 'NOUN', 'NOUN', 'VERB', 'NUM', 'ADJ', 'NUM', 'NUM']","['VERB', 'NOUN', 'NOUN', 'NOUN', 'NUM', 'VERB', 'PUNCT', 'NUM']","['VERB', 'PROPN', 'PROPN', 'NOUN', 'NUM', 'VERB', 'PUNCT', 'NUM']","['VERB', 'X', 'X', 'NOUN', 'NUM', 'VERB', 'NOUN', 'NUM']","['VERB', 'NOUN', 'X', 'NOUN', 'NUM', 'VERB', 'PROPN', 'NUM']","TagComparison(majority=['VERB', 'PROPN', 'PROPN', 'NOUN', 'NUM', 'VERB', 'PUNCT', 'NUM'], confidence=[1.0, 1.0, 1.0, 0.8, 1.0, 0.8, 1.0, 1.0], minority=[{}, {}, {}, {'nltk': 'VERB'}, {}, {'nltk': 'ADJ'}, {}, {}])","['VERB', 'PROPN', 'PROPN', 'NOUN', 'NUM', 'VERB', 'PUNCT', 'NUM']"
OpenSSH,205,Failed none for invalid user admin from 5.188.10.180 port 52631 ssh2,Failed none for invalid user admin from <*> port <*>,3,"['Failed', 'none', 'for', 'invalid', 'user', 'admin', 'from', '5.188.10.180', 'port', '52631', 'ssh2']","['VERB', 'NOUN', 'ADP', 'ADJ', 'NOUN', 'NOUN', 'ADP', 'NUM', 'NOUN', 'NUM', 'NOUN']","['VERB', 'PRON', 'ADP', 'ADJ', 'NOUN', 'NOUN', 'ADP', 'NUM', 'NOUN', 'NUM', 'NOUN']","['VERB', 'NOUN', 'ADP', 'ADJ', 'NOUN', 'NOUN', 'ADP', 'NUM', 'NOUN', 'NUM', 'PROPN']","['VERB', 'NOUN', 'ADP', 'ADJ', 'NOUN', 'NOUN', 'ADP', 'NUM', 'NOUN', 'NUM', 'NUM']","['VERB', 'NOUN', 'ADP', 'ADJ', 'NOUN', 'NOUN', 'ADP', 'NUM', 'NOUN', 'NUM', 'NOUN']","TagComparison(majority=['VERB', 'NOUN', 'ADP', 'ADJ', 'NOUN', 'NOUN', 'ADP', 'NUM', 'NOUN', 'NUM', 'NOUN'], confidence=[1.0, 0.8, 1.0, 1.0, 1.0, 1.0, 1.0, 1.0, 1.0, 1.0, 0.6], minority=[{}, {'stanza': 'PRON'}, {}, {}, {}, {}, {}, {}, {}, {}, {'spacy': 'PROPN', 'hanta': 'NUM'}])","['VERB', 'NOUN', 'ADP', 'ADJ', 'NOUN', 'NOUN', 'ADP', 'NUM', 'NOUN', 'NUM', 'NOUN']"
Spark,27033892,Starting remoting,Starting remoting,72,"['Starting', 'remoting']","['VERB', 'VERB']","['VERB', 'NOUN']","['VERB', 'NOUN']","['VERB', 'NOUN']","['VERB', 'NOUN']","TagComparison(majority=['VERB', 'NOUN'], confidence=[1.0, 0.8], minority=[{}, {'nltk': 'VERB'}])","['VERB', 'NOUN']"
Android,1295406,"Do partial code cache collection, code=213KB, data=238KB","Do partial code cache collection, <*>",1966,"['Do', 'partial', 'code', 'cache', 'collection', '.', 'code=213KB', '.', 'data=238KB']","['VERB', 'ADJ', 'NOUN', 'NOUN', 'NOUN', 'PUNCT', 'NOUN', 'PUNCT', 'NOUN']","['VERB', 'ADJ', 'NOUN', 'NOUN', 'NOUN', 'PUNCT', 'NOUN', 'PUNCT', 'NOUN']","['VERB', 'ADJ', 'NOUN', 'NOUN', 'NOUN', 'PUNCT', 'X', 'PUNCT', 'NOUN']","['AUX', 'ADJ', 'NOUN', 'NOUN', 'NOUN', 'PUNCT', 'NOUN', 'PUNCT', 'NOUN']","['VERB', 'ADJ', 'NOUN', 'NOUN', 'NOUN', 'PUNCT', 'NOUN', 'PUNCT', 'NOUN']","TagComparison(majority=['AUX', 'ADJ', 'NOUN', 'NOUN', 'NOUN', 'PUNCT', 'NOUN', 'PUNCT', 'NOUN'], confidence=[1.0, 1.0, 1.0, 1.0, 1.0, 1.0, 1.0, 1.0, 1.0], minority=[{}, {}, {}, {}, {}, {}, {}, {}, {}])","['AUX', 'ADJ', 'NOUN', 'NOUN', 'NOUN', 'PUNCT', 'NOUN', 'PUNCT', 'NOUN']"
Thunderbird,7914375,ACPI: LAPIC_NMI (acpi_id[0x02] high edge lint[0x1]),ACPI: LAPIC_NMI <*> high edge <*>,122,"['ACPI', '.', 'LAPIC_NMI', '(', 'acpi_id', '(', '0x02', ')', 'high', 'edge', 'lint', '(', '0x1', ')', ')']","['PROPN', 'PUNCT', 'PROPN', 'PUNCT', 'NOUN', 'PUNCT', 'NUM', 'PUNCT', 'ADJ', 'NOUN', 'NOUN', 'PUNCT', 'NUM', 'PUNCT', 'PUNCT']","['NOUN', 'PUNCT', 'PROPN', 'PUNCT', 'NOUN', 'PUNCT', 'NUM', 'PUNCT', 'ADJ', 'NOUN', 'NOUN', 'PUNCT', 'NOUN', 'PUNCT', 'PUNCT']","['PROPN', 'PUNCT', 'PROPN', 'PUNCT', 'PROPN', 'PUNCT', 'PROPN', 'PUNCT', 'ADJ', 'NOUN', 'NOUN', 'PUNCT', 'NOUN', 'PUNCT', 'PUNCT']","['INTJ', 'PUNCT', 'PROPN', 'PUNCT', 'X', 'PUNCT', 'NUM', 'PUNCT', 'ADJ', 'NOUN', 'NOUN', 'PUNCT', 'NUM', 'PUNCT', 'PUNCT']","['PROPN', 'PUNCT', 'PROPN', 'PUNCT', 'NOUN', 'PUNCT', 'ADJ', 'PUNCT', 'ADJ', 'NOUN', 'NOUN', 'PUNCT', 'ADJ', 'PUNCT', 'PUNCT']","TagComparison(majority=['PROPN', 'PUNCT', 'PROPN', 'PUNCT', 'PROPN', 'PUNCT', 'NUM', 'PUNCT', 'ADJ', 'NOUN', 'NOUN', 'PUNCT', 'NUM', 'PUNCT', 'PUNCT'], confidence=[0.6, 1.0, 1.0, 1.0, 1.0, 1.0, 1.0, 1.0, 1.0, 1.0, 1.0, 1.0, 1.0, 1.0, 1.0], minority=[{'stanza': 'NOUN', 'hanta': 'INTJ'}, {}, {}, {}, {}, {}, {}, {}, {}, {}, {}, {}, {}, {}, {}])","['PROPN', 'PUNCT', 'PROPN', 'PUNCT', 'PROPN', 'PUNCT', 'NUM', 'PUNCT', 'ADJ', 'NOUN', 'NOUN', 'PUNCT', 'NUM', 'PUNCT', 'PUNCT']"
Android,452445,Get no-perm notification callback android.intent.action.SCREEN_OFF,Get no-perm notification callback android.intent.action.SCREEN_OFF,1021,"['Get', 'no-perm', 'notification', 'callback', 'android.intent.action.SCREEN_OFF']","['VERB', 'ADJ', 'NOUN', 'NOUN', 'NOUN']","['VERB', 'ADJ', 'NOUN', 'NOUN', 'PROPN']","['VERB', 'NOUN', 'NOUN', 'NOUN', 'NOUN']","['VERB', 'NOUN', 'NOUN', 'NOUN', 'NOUN']","['VERB', 'NOUN', 'NOUN', 'NOUN', 'NOUN']","TagComparison(majority=['VERB', 'NOUN', 'NOUN', 'NOUN', 'PROPN'], confidence=[1.0, 0.6, 1.0, 1.0, 1.0], minority=[{}, {'nltk': 'ADJ', 'stanza': 'ADJ'}, {}, {}, {}])","['VERB', 'NOUN', 'NOUN', 'NOUN', 'PROPN']"
Spark,8077512,mesos-slave-26/10.10.34.36:36199,<*>,44,['mesos-slave-26/10.10.34.36:36199'],['NOUN'],['NUM'],['VERB'],['NOUN'],['NOUN'],"TagComparison(majority=['NOUN'], confidence=[0.6], minority=[{'stanza': 'NUM', 'spacy': 'VERB'}])",['NOUN']
BGL,383488,data storage interrupt,data storage interrupt,23,"['data', 'storage', 'interrupt']","['NOUN', 'NOUN', 'NOUN']","['NOUN', 'NOUN', 'VERB']","['NOUN', 'NOUN', 'VERB']","['NOUN', 'NOUN', 'VERB']","['NOUN', 'NOUN', 'VERB']","TagComparison(majority=['NOUN', 'NOUN', 'VERB'], confidence=[1.0, 1.0, 0.8], minority=[{}, {}, {'nltk': 'NOUN'}])","['NOUN', 'NOUN', 'VERB']"
BGL,383488,data storage interrupt,data storage interrupt,23,"['data', 'storage', 'interrupt']","['NOUN', 'NOUN', 'NOUN']","['NOUN', 'NOUN', 'VERB']","['NOUN', 'NOUN', 'VERB']","['NOUN', 'NOUN', 'VERB']","['NOUN', 'NOUN', 'VERB']","TagComparison(majority=['NOUN', 'NOUN', 'VERB'], confidence=[1.0, 1.0, 0.8], minority=[{}, {}, {'nltk': 'NOUN'}])","['NOUN', 'NOUN', 'VERB']"
BGL,738364,rts panic! - stopping execution,rts panic! - stopping execution,56,"['rts', 'panic', '.', '-', 'stopping', 'execution']","['NOUN', 'NOUN', 'PUNCT', 'PUNCT', 'VERB', 'NOUN']","['NOUN', 'NOUN', 'PUNCT', 'PUNCT', 'VERB', 'NOUN']","['NOUN', 'NOUN', 'PUNCT', 'PUNCT', 'VERB', 'NOUN']","['PROPN', 'NOUN', 'PUNCT', 'ADP', 'VERB', 'NOUN']","['ADJ', 'NOUN', 'PUNCT', 'NOUN', 'NOUN', 'NOUN']","TagComparison(majority=['NOUN', 'NOUN', 'PUNCT', 'PUNCT', 'VERB', 'NOUN'], confidence=[0.6, 1.0, 1.0, 1.0, 0.8, 1.0], minority=[{'hanta': 'PROPN', 'treetagger': 'ADJ'}, {}, {}, {}, {'treetagger': 'NOUN'}, {}])","['NOUN', 'NOUN', 'PUNCT', 'PUNCT', 'VERB', 'NOUN']"
Android,77560,EAPOL: External notification - portEnabled=1,EAPOL: External notification - <*>,294,"['EAPOL', '.', 'External', 'notification', '-', 'portEnabled=1']","['PROPN', 'PUNCT', 'PROPN', 'NOUN', 'PUNCT', 'NOUN']","['INTJ', 'PUNCT', 'ADJ', 'NOUN', 'PUNCT', 'NOUN']","['PROPN', 'PUNCT', 'ADJ', 'NOUN', 'PUNCT', 'NOUN']","['PROPN', 'PUNCT', 'ADJ', 'NOUN', 'ADP', 'NUM']","['PROPN', 'PUNCT', 'ADJ', 'NOUN', 'NOUN', 'NOUN']","TagComparison(majority=['PROPN', 'PUNCT', 'ADJ', 'NOUN', 'PUNCT', 'NOUN'], confidence=[0.8, 1.0, 0.8, 1.0, 1.0, 0.8], minority=[{'stanza': 'INTJ'}, {}, {'nltk': 'PROPN'}, {}, {}, {'hanta': 'NUM'}])","['PROPN', 'PUNCT', 'ADJ', 'NOUN', 'PUNCT', 'NOUN']"
Android,122967,huawei_cust_set_parameters: exit with code(0),huawei_cust_set_parameters: exit with <*>,426,"['huawei_cust_set_parameters', '.', 'exit', 'with', 'code', '(', '0', ')']","['NOUN', 'PUNCT', 'NOUN', 'ADP', 'NOUN', 'PUNCT', 'NUM', 'PUNCT']","['NOUN', 'PUNCT', 'NOUN', 'ADP', 'NOUN', 'PUNCT', 'NUM', 'PUNCT']","['PROPN', 'PUNCT', 'NOUN', 'ADP', 'NOUN', 'PUNCT', 'NUM', 'PUNCT']","['NOUN', 'PUNCT', 'NOUN', 'ADP', 'NOUN', 'PUNCT', 'NUM', 'PUNCT']","['NOUN', 'PUNCT', 'NOUN', 'ADP', 'NOUN', 'PUNCT', 'NUM', 'PUNCT']","TagComparison(majority=['PROPN', 'PUNCT', 'NOUN', 'ADP', 'NOUN', 'PUNCT', 'NUM', 'PUNCT'], confidence=[1.0, 1.0, 1.0, 1.0, 1.0, 1.0, 1.0, 1.0], minority=[{}, {}, {}, {}, {}, {}, {}, {}])","['PROPN', 'PUNCT', 'NOUN', 'ADP', 'NOUN', 'PUNCT', 'NUM', 'PUNCT']"
Thunderbird,8284107,protections[]: 0 0 0,protections[]: <*>,129,"['protections', '(', ')', '.', '0', '0', '0']","['NOUN', 'PUNCT', 'PUNCT', 'PUNCT', 'NUM', 'NUM', 'NUM']","['NOUN', 'PUNCT', 'PUNCT', 'PUNCT', 'NUM', 'NUM', 'NUM']","['NOUN', 'PUNCT', 'PUNCT', 'PUNCT', 'NUM', 'NUM', 'NUM']","['NOUN', 'PUNCT', 'PUNCT', 'PUNCT', 'NUM', 'NUM', 'NUM']","['NOUN', 'PUNCT', 'PUNCT', 'PUNCT', 'NUM', 'NUM', 'NUM']","TagComparison(majority=['NOUN', 'PUNCT', 'PUNCT', 'PUNCT', 'NUM', 'NUM', 'NUM'], confidence=[1.0, 1.0, 1.0, 1.0, 1.0, 1.0, 1.0], minority=[{}, {}, {}, {}, {}, {}, {}])","['NOUN', 'PUNCT', 'PUNCT', 'PUNCT', 'NUM', 'NUM', 'NUM']"
Android,94979,"Client requesting input be hidden, pid=4492","Client requesting input be hidden, <*>",356,"['Client', 'requesting', 'input', 'be', 'hidden', '.', 'pid=4492']","['PROPN', 'VERB', 'NOUN', 'VERB', 'VERB', 'PUNCT', 'NOUN']","['NOUN', 'VERB', 'NOUN', 'AUX', 'VERB', 'PUNCT', 'PROPN']","['PROPN', 'VERB', 'NOUN', 'AUX', 'VERB', 'PUNCT', 'X']","['NOUN', 'VERB', 'NOUN', 'AUX', 'VERB', 'PUNCT', 'NUM']","['NOUN', 'VERB', 'NOUN', 'VERB', 'VERB', 'PUNCT', 'NOUN']","TagComparison(majority=['PROPN', 'VERB', 'NOUN', 'AUX', 'VERB', 'PUNCT', 'NOUN'], confidence=[1.0, 1.0, 1.0, 1.0, 1.0, 1.0, 0.6], minority=[{}, {}, {}, {}, {}, {}, {'stanza': 'PROPN', 'hanta': 'NUM'}])","['PROPN', 'VERB', 'NOUN', 'AUX', 'VERB', 'PUNCT', 'NOUN']"
Thunderbird,32412371,acpid shutdown succeeded,acpid shutdown succeeded,311,"['acpid', 'shutdown', 'succeeded']","['ADJ', 'NOUN', 'VERB']","['NOUN', 'NOUN', 'VERB']","['NOUN', 'NOUN', 'VERB']","['ADJ', 'NOUN', 'VERB']","['ADJ', 'NOUN', 'VERB']","TagComparison(majority=['ADJ', 'NOUN', 'VERB'], confidence=[0.6, 1.0, 1.0], minority=[{'stanza': 'NOUN', 'spacy': 'NOUN'}, {}, {}])","['ADJ', 'NOUN', 'VERB']"
OpenSSH,205,Failed none for invalid user admin from 5.188.10.180 port 52631 ssh2,Failed none for invalid user admin from <*> port <*>,3,"['Failed', 'none', 'for', 'invalid', 'user', 'admin', 'from', '5.188.10.180', 'port', '52631', 'ssh2']","['VERB', 'NOUN', 'ADP', 'ADJ', 'NOUN', 'NOUN', 'ADP', 'NUM', 'NOUN', 'NUM', 'NOUN']","['VERB', 'PRON', 'ADP', 'ADJ', 'NOUN', 'NOUN', 'ADP', 'NUM', 'NOUN', 'NUM', 'NOUN']","['VERB', 'NOUN', 'ADP', 'ADJ', 'NOUN', 'NOUN', 'ADP', 'NUM', 'NOUN', 'NUM', 'PROPN']","['VERB', 'NOUN', 'ADP', 'ADJ', 'NOUN', 'NOUN', 'ADP', 'NUM', 'NOUN', 'NUM', 'NUM']","['VERB', 'NOUN', 'ADP', 'ADJ', 'NOUN', 'NOUN', 'ADP', 'NUM', 'NOUN', 'NUM', 'NOUN']","TagComparison(majority=['VERB', 'NOUN', 'ADP', 'ADJ', 'NOUN', 'NOUN', 'ADP', 'NUM', 'NOUN', 'NUM', 'NOUN'], confidence=[1.0, 0.8, 1.0, 1.0, 1.0, 1.0, 1.0, 1.0, 1.0, 1.0, 0.6], minority=[{}, {'stanza': 'PRON'}, {}, {}, {}, {}, {}, {}, {}, {}, {'spacy': 'PROPN', 'hanta': 'NUM'}])","['VERB', 'NOUN', 'ADP', 'ADJ', 'NOUN', 'NOUN', 'ADP', 'NUM', 'NOUN', 'NUM', 'NOUN']"
Android,1147858,"mAm.startProcessLocked for service: ServiceRecord{a6944c7 u0 euid: 0 com.huawei.camera/.controller.BootDaemonService}, appinfo euid: 0","mAm.startProcessLocked for service: <*> euid: <*> com.huawei.camera/.controller.BootDaemonService}, appinfo euid: <*>",1780,"['mAm.startProcessLocked', 'for', 'service', '.', 'ServiceRecord', '(', 'a6944c7', 'u0', 'euid', '.', '0', 'com.huawei.camera/.controller.BootDaemonService', ')', '.', 'appinfo', 'euid', '.', '0']","['VERB', 'ADP', 'NOUN', 'PUNCT', 'PROPN', 'PUNCT', 'ADJ', 'NOUN', 'NOUN', 'PUNCT', 'NUM', 'NOUN', 'PUNCT', 'PUNCT', 'ADJ', 'NOUN', 'PUNCT', 'NUM']","['NOUN', 'ADP', 'NOUN', 'PUNCT', 'PROPN', 'PUNCT', 'PROPN', 'PROPN', 'NOUN', 'PUNCT', 'NUM', 'PROPN', 'PUNCT', 'PUNCT', 'NOUN', 'NOUN', 'PUNCT', 'NUM']","['VERB', 'ADP', 'NOUN', 'PUNCT', 'PROPN', 'PUNCT', 'ADJ', 'NOUN', 'ADJ', 'PUNCT', 'NUM', 'NOUN', 'PUNCT', 'PUNCT', 'NOUN', 'NOUN', 'PUNCT', 'NUM']","['ADJ', 'ADP', 'NOUN', 'PUNCT', 'PROPN', 'PUNCT', 'NUM', 'NUM', 'NOUN', 'PUNCT', 'NUM', 'NOUN', 'PUNCT', 'PUNCT', 'X', 'X', 'PUNCT', 'NUM']","['VERB', 'ADP', 'NOUN', 'PUNCT', 'PROPN', 'PUNCT', 'ADJ', 'NOUN', 'NOUN', 'PUNCT', 'NUM', 'NOUN', 'PUNCT', 'PUNCT', 'NOUN', 'NOUN', 'PUNCT', 'NUM']","TagComparison(majority=['VERB', 'ADP', 'NOUN', 'PUNCT', 'PROPN', 'PUNCT', 'ADJ', 'NOUN', 'NOUN', 'PUNCT', 'NUM', 'PROPN', 'PUNCT', 'PUNCT', 'NOUN', 'NOUN', 'PUNCT', 'NUM'], confidence=[0.6, 1.0, 1.0, 1.0, 1.0, 1.0, 0.6, 0.6, 0.8, 1.0, 1.0, 1.0, 1.0, 1.0, 0.8, 1.0, 1.0, 1.0], minority=[{'stanza': 'NOUN', 'hanta': 'ADJ'}, {}, {}, {}, {}, {}, {'stanza': 'PROPN', 'hanta': 'NUM'}, {'stanza': 'PROPN', 'hanta': 'NUM'}, {'spacy': 'ADJ'}, {}, {}, {}, {}, {}, {'nltk': 'ADJ'}, {}, {}, {}])","['VERB', 'ADP', 'NOUN', 'PUNCT', 'PROPN', 'PUNCT', 'ADJ', 'NOUN', 'NOUN', 'PUNCT', 'NUM', 'PROPN', 'PUNCT', 'PUNCT', 'NOUN', 'NOUN', 'PUNCT', 'NUM']"
Thunderbird,31735741,frequency initialized 0.000 PPM from /var/lib/ntp/drift,frequency initialized <*> PPM from /var/lib/ntp/drift,299,"['frequency', 'initialized', '0.000', 'PPM', 'from', '/var/lib/ntp/drift']","['NOUN', 'VERB', 'NUM', 'PROPN', 'ADP', 'NOUN']","['NOUN', 'VERB', 'NUM', 'NOUN', 'ADP', 'PROPN']","['NOUN', 'VERB', 'NUM', 'PROPN', 'ADP', 'PUNCT']","['NOUN', 'VERB', 'NUM', 'PROPN', 'ADP', 'NOUN']","['NOUN', 'VERB', 'NUM', 'NOUN', 'ADP', 'NOUN']","TagComparison(majority=['NOUN', 'VERB', 'NUM', 'PROPN', 'ADP', 'NOUN'], confidence=[1.0, 1.0, 1.0, 1.0, 1.0, 0.6], minority=[{}, {}, {}, {}, {}, {'stanza': 'PROPN', 'spacy': 'PUNCT'}])","['NOUN', 'VERB', 'NUM', 'PROPN', 'ADP', 'NOUN']"
Android,1208190,"PrintWoker poll timeout , shutdown","PrintWoker poll timeout , shutdown",1848,"['PrintWoker', 'poll', 'timeout', '.', 'shutdown']","['PROPN', 'NOUN', 'NOUN', 'PUNCT', 'NOUN']","['PROPN', 'NOUN', 'NOUN', 'PUNCT', 'NOUN']","['NOUN', 'ADJ', 'NOUN', 'PUNCT', 'VERB']","['PROPN', 'NOUN', 'NOUN', 'PUNCT', 'NOUN']","['PROPN', 'NOUN', 'NOUN', 'PUNCT', 'NOUN']","TagComparison(majority=['PROPN', 'NOUN', 'NOUN', 'PUNCT', 'NOUN'], confidence=[1.0, 0.8, 1.0, 1.0, 0.8], minority=[{}, {'spacy': 'ADJ'}, {}, {}, {'spacy': 'VERB'}])","['PROPN', 'NOUN', 'NOUN', 'PUNCT', 'NOUN']"
Android,1046251,"CHR APN setttings = [ApnSettingV3] CMNET, 1784, 46002, cmnet, , , , , , -1, default | supl, IP, IP, true, 0, 0, 0, false, 0, 0, 0, 0, , , false","CHR APN setttings = <*> CMNET, <*> cmnet, , , , , , <*> default | supl, IP, IP, true, <*> false, <*> , , false",1660,"['CHR', 'APN', 'setttings', '=', '(', 'ApnSettingV3', ')', 'CMNET', '.', '1784', '.', '46002', '.', 'cmnet', '.', '.', '.', '.', '.', '.', '-1', '.', 'default', '|', 'supl', '.', 'IP', '.', 'IP', '.', 'true', '.', '0', '.', '0', '.', '0', '.', 'false', '.', '0', '.', '0', '.', '0', '.', '0', '.', '.', '.', 'false']","['PROPN', 'PROPN', 'NOUN', 'PROPN', 'PUNCT', 'PROPN', 'PUNCT', 'PROPN', 'PUNCT', 'NUM', 'PUNCT', 'NUM', 'PUNCT', 'NOUN', 'PUNCT', 'PUNCT', 'PUNCT', 'PUNCT', 'PUNCT', 'PUNCT', 'NOUN', 'PUNCT', 'NOUN', 'ADJ', 'NOUN', 'PUNCT', 'PROPN', 'PUNCT', 'PROPN', 'PUNCT', 'ADJ', 'PUNCT', 'NUM', 'PUNCT', 'NUM', 'PUNCT', 'NUM', 'PUNCT', 'ADJ', 'PUNCT', 'NUM', 'PUNCT', 'NUM', 'PUNCT', 'NUM', 'PUNCT', 'NUM', 'PUNCT', 'PUNCT', 'PUNCT', 'ADJ']","['PROPN', 'PROPN', 'NOUN', 'SYM', 'PUNCT', 'PROPN', 'PUNCT', 'PROPN', 'PUNCT', 'NUM', 'PUNCT', 'NUM', 'PUNCT', 'NOUN', 'PUNCT', 'PUNCT', 'PUNCT', 'PUNCT', 'PUNCT', 'PUNCT', 'NUM', 'PUNCT', 'NOUN', 'PUNCT', 'NOUN', 'PUNCT', 'NOUN', 'PUNCT', 'NOUN', 'PUNCT', 'ADJ', 'PUNCT', 'NUM', 'PUNCT', 'NUM', 'PUNCT', 'NUM', 'PUNCT', 'ADJ', 'PUNCT', 'NUM', 'PUNCT', 'NUM', 'PUNCT', 'NUM', 'PUNCT', 'NUM', 'PUNCT', 'PUNCT', 'PUNCT', 'ADJ']","['PROPN', 'PROPN', 'NOUN', 'SYM', 'PUNCT', 'PROPN', 'PUNCT', 'NOUN', 'PUNCT', 'NUM', 'PUNCT', 'NUM', 'PUNCT', 'NOUN', 'PUNCT', 'PUNCT', 'PUNCT', 'PUNCT', 'PUNCT', 'PUNCT', 'X', 'PUNCT', 'NOUN', 'NOUN', 'NOUN', 'PUNCT', 'PROPN', 'PUNCT', 'PROPN', 'PUNCT', 'ADJ', 'PUNCT', 'X', 'PUNCT', 'NUM', 'PUNCT', 'NUM', 'PUNCT', 'ADJ', 'PUNCT', 'NUM', 'PUNCT', 'NUM', 'PUNCT', 'NUM', 'PUNCT', 'NUM', 'PUNCT', 'PUNCT', 'PUNCT', 'ADJ']","['PROPN', 'PROPN', 'NOUN', 'NUM', 'PUNCT', 'NUM', 'PUNCT', 'PROPN', 'PUNCT', 'NUM', 'PUNCT', 'NUM', 'PUNCT', 'NOUN', 'PUNCT', 'PUNCT', 'PUNCT', 'PUNCT', 'PUNCT', 'PUNCT', 'NUM', 'PUNCT', 'NOUN', 'NOUN', 'NOUN', 'PUNCT', 'PROPN', 'PUNCT', 'PROPN', 'PUNCT', 'ADJ', 'PUNCT', 'NUM', 'PUNCT', 'NUM', 'PUNCT', 'NUM', 'PUNCT', 'ADJ', 'PUNCT', 'NUM', 'PUNCT', 'NUM', 'PUNCT', 'NUM', 'PUNCT', 'NUM', 'PUNCT', 'PUNCT', 'PUNCT', 'ADJ']","['PROPN', 'PROPN', 'NOUN', 'SYM', 'PUNCT', 'PROPN', 'PUNCT', 'PROPN', 'PUNCT', 'X', 'PUNCT', 'X', 'PUNCT', 'NOUN', 'PUNCT', 'PUNCT', 'PUNCT', 'PUNCT', 'PUNCT', 'PUNCT', 'X', 'PUNCT', 'NOUN', 'SYM', 'NOUN', 'PUNCT', 'PROPN', 'PUNCT', 'PROPN', 'PUNCT', 'ADJ', 'PUNCT', 'NUM', 'PUNCT', 'NUM', 'PUNCT', 'NUM', 'PUNCT', 'ADJ', 'PUNCT', 'NUM', 'PUNCT', 'NUM', 'PUNCT', 'NUM', 'PUNCT', 'NUM', 'PUNCT', 'PUNCT', 'PUNCT', 'ADJ']","TagComparison(majority=['PROPN', 'PROPN', 'NOUN', 'SYM', 'PUNCT', 'PROPN', 'PUNCT', 'PROPN', 'PUNCT', 'NUM', 'PUNCT', 'NUM', 'PUNCT', 'NOUN', 'PUNCT', 'PUNCT', 'PUNCT', 'PUNCT', 'PUNCT', 'PUNCT', 'NUM', 'PUNCT', 'NOUN', 'PUNCT', 'NOUN', 'PUNCT', 'PROPN', 'PUNCT', 'PROPN', 'PUNCT', 'ADJ', 'PUNCT', 'NUM', 'PUNCT', 'NUM', 'PUNCT', 'NUM', 'PUNCT', 'ADJ', 'PUNCT', 'NUM', 'PUNCT', 'NUM', 'PUNCT', 'NUM', 'PUNCT', 'NUM', 'PUNCT', 'PUNCT', 'PUNCT', 'ADJ'], confidence=[1.0, 1.0, 1.0, 0.6, 1.0, 0.8, 1.0, 1.0, 1.0, 1.0, 1.0, 1.0, 1.0, 1.0, 1.0, 1.0, 1.0, 1.0, 1.0, 1.0, 1.0, 1.0, 1.0, 1.0, 1.0, 1.0, 1.0, 1.0, 1.0, 1.0, 1.0, 1.0, 1.0, 1.0, 1.0, 1.0, 1.0, 1.0, 1.0, 1.0, 1.0, 1.0, 1.0, 1.0, 1.0, 1.0, 1.0, 1.0, 1.0, 1.0, 1.0], minority=[{}, {}, {}, {'nltk': 'PROPN', 'hanta': 'NUM'}, {}, {'hanta': 'NUM'}, {}, {}, {}, {}, {}, {}, {}, {}, {}, {}, {}, {}, {}, {}, {}, {}, {}, {}, {}, {}, {}, {}, {}, {}, {}, {}, {}, {}, {}, {}, {}, {}, {}, {}, {}, {}, {}, {}, {}, {}, {}, {}, {}, {}, {}])","['PROPN', 'PROPN', 'NOUN', 'SYM', 'PUNCT', 'PROPN', 'PUNCT', 'PROPN', 'PUNCT', 'NUM', 'PUNCT', 'NUM', 'PUNCT', 'NOUN', 'PUNCT', 'PUNCT', 'PUNCT', 'PUNCT', 'PUNCT', 'PUNCT', 'NUM', 'PUNCT', 'NOUN', 'PUNCT', 'NOUN', 'PUNCT', 'PROPN', 'PUNCT', 'PROPN', 'PUNCT', 'ADJ', 'PUNCT', 'NUM', 'PUNCT', 'NUM', 'PUNCT', 'NUM', 'PUNCT', 'ADJ', 'PUNCT', 'NUM', 'PUNCT', 'NUM', 'PUNCT', 'NUM', 'PUNCT', 'NUM', 'PUNCT', 'PUNCT', 'PUNCT', 'ADJ']"
Android,13867,set idle timer: 1800000 ms,set idle timer: <*> ms,58,"['set', 'idle', 'timer', '.', '1800000', 'ms']","['VERB', 'ADJ', 'NOUN', 'PUNCT', 'NUM', 'NOUN']","['VERB', 'ADJ', 'NOUN', 'PUNCT', 'NUM', 'NOUN']","['VERB', 'ADJ', 'NOUN', 'PUNCT', 'NUM', 'NOUN']","['VERB', 'ADJ', 'NOUN', 'PUNCT', 'NUM', 'NOUN']","['VERB', 'ADJ', 'NOUN', 'PUNCT', 'NUM', 'NOUN']","TagComparison(majority=['VERB', 'ADJ', 'NOUN', 'PUNCT', 'NUM', 'NOUN'], confidence=[1.0, 1.0, 1.0, 1.0, 1.0, 1.0], minority=[{}, {}, {}, {}, {}, {}])","['VERB', 'ADJ', 'NOUN', 'PUNCT', 'NUM', 'NOUN']"
Android,296482,checkVisibility : true; true,checkVisibility : true; true,736,"['checkVisibility', '.', 'true', '.', 'true']","['NOUN', 'PUNCT', 'ADJ', 'PUNCT', 'ADJ']","['NOUN', 'PUNCT', 'ADJ', 'PUNCT', 'ADJ']","['INTJ', 'PUNCT', 'ADJ', 'PUNCT', 'ADJ']","['NOUN', 'PUNCT', 'ADJ', 'PUNCT', 'ADJ']","['NOUN', 'PUNCT', 'ADJ', 'PUNCT', 'ADJ']","TagComparison(majority=['NOUN', 'PUNCT', 'ADJ', 'PUNCT', 'ADJ'], confidence=[0.8, 1.0, 1.0, 1.0, 1.0], minority=[{'spacy': 'INTJ'}, {}, {}, {}, {}])","['NOUN', 'PUNCT', 'ADJ', 'PUNCT', 'ADJ']"
Thunderbird,2536760,"[ib_sm_discovery.c:1103]: Failed discover node test, node 5ad0000027166, port_num= 9, error code 1","<*> Failed discover node test, node <*> port_num= <*> error code <*>",57,"['(', 'ib_sm_discovery.c:1103', ')', '.', 'Failed', 'discover', 'node', 'test', '.', 'node', '5ad0000027166', '.', 'port_num=', '9', '.', 'error', 'code', '1']","['PUNCT', 'NOUN', 'PUNCT', 'PUNCT', 'VERB', 'ADV', 'ADJ', 'NOUN', 'PUNCT', 'CCONJ', 'NUM', 'PUNCT', 'NOUN', 'NUM', 'PUNCT', 'NOUN', 'NOUN', 'NUM']","['PUNCT', 'PROPN', 'PUNCT', 'PUNCT', 'VERB', 'VERB', 'NOUN', 'NOUN', 'PUNCT', 'NOUN', 'NUM', 'PUNCT', 'PROPN', 'NUM', 'PUNCT', 'NOUN', 'NOUN', 'NUM']","['PUNCT', 'PROPN', 'PUNCT', 'PUNCT', 'VERB', 'VERB', 'NOUN', 'NOUN', 'PUNCT', 'NOUN', 'NUM', 'PUNCT', 'PROPN', 'NUM', 'PUNCT', 'NOUN', 'NOUN', 'NUM']","['PUNCT', 'NOUN', 'PUNCT', 'PUNCT', 'VERB', 'VERB', 'NOUN', 'NOUN', 'PUNCT', 'NOUN', 'NUM', 'PUNCT', 'NOUN', 'NUM', 'PUNCT', 'NOUN', 'NOUN', 'NUM']","['PUNCT', 'NOUN', 'PUNCT', 'PUNCT', 'ADJ', 'VERB', 'NOUN', 'NOUN', 'PUNCT', 'NOUN', 'NOUN', 'PUNCT', 'NOUN', 'NUM', 'PUNCT', 'NOUN', 'NOUN', 'NUM']","TagComparison(majority=['PUNCT', 'PROPN', 'PUNCT', 'PUNCT', 'VERB', 'VERB', 'NOUN', 'NOUN', 'PUNCT', 'NOUN', 'NUM', 'PUNCT', 'PROPN', 'NUM', 'PUNCT', 'NOUN', 'NOUN', 'NUM'], confidence=[1.0, 1.0, 1.0, 1.0, 0.8, 0.8, 0.8, 1.0, 1.0, 0.8, 1.0, 1.0, 1.0, 1.0, 1.0, 1.0, 1.0, 1.0], minority=[{}, {}, {}, {}, {'treetagger': 'ADJ'}, {'nltk': 'ADV'}, {'nltk': 'ADJ'}, {}, {}, {'nltk': 'CCONJ'}, {}, {}, {}, {}, {}, {}, {}, {}])","['PUNCT', 'PROPN', 'PUNCT', 'PUNCT', 'VERB', 'VERB', 'NOUN', 'NOUN', 'PUNCT', 'NOUN', 'NUM', 'PUNCT', 'PROPN', 'NUM', 'PUNCT', 'NOUN', 'NOUN', 'NUM']"
Thunderbird,656774,RAMDISK driver initialized: 16 RAM disks of 16384K size 1024 blocksize,RAMDISK driver initialized: <*> RAM disks of <*> size <*> blocksize,21,"['RAMDISK', 'driver', 'initialized', '.', '16', 'RAM', 'disks', 'of', '16384K', 'size', '1024', 'blocksize']","['PROPN', 'NOUN', 'VERB', 'PUNCT', 'NUM', 'PROPN', 'NOUN', 'ADP', 'NUM', 'NOUN', 'NUM', 'NOUN']","['NOUN', 'NOUN', 'VERB', 'PUNCT', 'NUM', 'NOUN', 'NOUN', 'ADP', 'NOUN', 'NOUN', 'NUM', 'NOUN']","['ADJ', 'NOUN', 'VERB', 'PUNCT', 'NUM', 'NOUN', 'NOUN', 'ADP', 'PROPN', 'NOUN', 'NUM', 'NOUN']","['PROPN', 'NOUN', 'VERB', 'PUNCT', 'NUM', 'NOUN', 'NOUN', 'ADP', 'NOUN', 'NOUN', 'NUM', 'VERB']","['PROPN', 'NOUN', 'VERB', 'PUNCT', 'NUM', 'NOUN', 'NOUN', 'ADP', 'PROPN', 'NOUN', 'NUM', 'NOUN']","TagComparison(majority=['PROPN', 'NOUN', 'VERB', 'PUNCT', 'NUM', 'PROPN', 'NOUN', 'ADP', 'NUM', 'NOUN', 'NUM', 'NOUN'], confidence=[0.6, 1.0, 1.0, 1.0, 1.0, 1.0, 1.0, 1.0, 1.0, 1.0, 1.0, 0.8], minority=[{'stanza': 'NOUN', 'spacy': 'ADJ'}, {}, {}, {}, {}, {}, {}, {}, {}, {}, {}, {'hanta': 'VERB'}])","['PROPN', 'NOUN', 'VERB', 'PUNCT', 'NUM', 'PROPN', 'NOUN', 'ADP', 'NUM', 'NOUN', 'NUM', 'NOUN']"
Android,152923,"HCDN_LOG: [2016/12/17-20:31:43:019]:Start,587     storage start success",HCDN_LOG: <*> storage start success,472,"['HCDN_LOG', '.', '(', '2016/12/17-20:31:43:019', ')', '.', 'Start,587', 'storage', 'start', 'success']","['PROPN', 'PUNCT', 'PUNCT', 'ADJ', 'PUNCT', 'PUNCT', 'PROPN', 'ADJ', 'NOUN', 'NOUN']","['PROPN', 'PUNCT', 'PUNCT', 'NUM', 'PUNCT', 'PUNCT', 'NOUN', 'NOUN', 'NOUN', 'NOUN']","['NOUN', 'PUNCT', 'PUNCT', 'NUM', 'PUNCT', 'PUNCT', 'PROPN', 'NOUN', 'VERB', 'NOUN']","['PROPN', 'PUNCT', 'PUNCT', 'NOUN', 'PUNCT', 'PUNCT', 'PROPN', 'NOUN', 'NOUN', 'NOUN']","['PROPN', 'PUNCT', 'PUNCT', 'NUM', 'PUNCT', 'PUNCT', 'ADJ', 'NOUN', 'NOUN', 'NOUN']","TagComparison(majority=['PROPN', 'PUNCT', 'PUNCT', 'NUM', 'PUNCT', 'PUNCT', 'PROPN', 'NOUN', 'NOUN', 'NOUN'], confidence=[1.0, 1.0, 1.0, 0.6, 1.0, 1.0, 0.6, 0.8, 0.8, 1.0], minority=[{}, {}, {}, {'nltk': 'ADJ', 'hanta': 'NOUN'}, {}, {}, {'stanza': 'NOUN', 'treetagger': 'ADJ'}, {'nltk': 'ADJ'}, {'spacy': 'VERB'}, {}])","['PROPN', 'PUNCT', 'PUNCT', 'NUM', 'PUNCT', 'PUNCT', 'PROPN', 'NOUN', 'NOUN', 'NOUN']"
Linux,767,session closed for user cyrus,session closed for user cyrus,154,"['session', 'closed', 'for', 'user', 'cyrus']","['NOUN', 'VERB', 'ADP', 'NOUN', 'NOUN']","['NOUN', 'VERB', 'ADP', 'NOUN', 'PROPN']","['NOUN', 'VERB', 'ADP', 'PROPN', 'PROPN']","['NOUN', 'VERB', 'ADP', 'NOUN', 'PROPN']","['NOUN', 'VERB', 'ADP', 'NOUN', 'NOUN']","TagComparison(majority=['NOUN', 'VERB', 'ADP', 'PROPN', 'PROPN'], confidence=[1.0, 1.0, 1.0, 1.0, 1.0], minority=[{}, {}, {}, {}, {}])","['NOUN', 'VERB', 'ADP', 'PROPN', 'PROPN']"
OpenSSH,205,Failed none for invalid user admin from 5.188.10.180 port 52631 ssh2,Failed none for invalid user admin from <*> port <*>,3,"['Failed', 'none', 'for', 'invalid', 'user', 'admin', 'from', '5.188.10.180', 'port', '52631', 'ssh2']","['VERB', 'NOUN', 'ADP', 'ADJ', 'NOUN', 'NOUN', 'ADP', 'NUM', 'NOUN', 'NUM', 'NOUN']","['VERB', 'PRON', 'ADP', 'ADJ', 'NOUN', 'NOUN', 'ADP', 'NUM', 'NOUN', 'NUM', 'NOUN']","['VERB', 'NOUN', 'ADP', 'ADJ', 'NOUN', 'NOUN', 'ADP', 'NUM', 'NOUN', 'NUM', 'PROPN']","['VERB', 'NOUN', 'ADP', 'ADJ', 'NOUN', 'NOUN', 'ADP', 'NUM', 'NOUN', 'NUM', 'NUM']","['VERB', 'NOUN', 'ADP', 'ADJ', 'NOUN', 'NOUN', 'ADP', 'NUM', 'NOUN', 'NUM', 'NOUN']","TagComparison(majority=['VERB', 'NOUN', 'ADP', 'ADJ', 'NOUN', 'NOUN', 'ADP', 'NUM', 'NOUN', 'NUM', 'NOUN'], confidence=[1.0, 0.8, 1.0, 1.0, 1.0, 1.0, 1.0, 1.0, 1.0, 1.0, 0.6], minority=[{}, {'stanza': 'PRON'}, {}, {}, {}, {}, {}, {}, {}, {}, {'spacy': 'PROPN', 'hanta': 'NUM'}])","['VERB', 'NOUN', 'ADP', 'ADJ', 'NOUN', 'NOUN', 'ADP', 'NUM', 'NOUN', 'NUM', 'NOUN']"
Android,1305603,has widget app: com.android.gallery3d,has widget app: <*>,1981,"['has', 'widget', 'app', '.', 'com.android.gallery3d']","['VERB', 'NOUN', 'NOUN', 'PUNCT', 'NOUN']","['VERB', 'NOUN', 'NOUN', 'PUNCT', 'PROPN']","['VERB', 'NOUN', 'NOUN', 'PUNCT', 'X']","['AUX', 'PROPN', 'PROPN', 'PUNCT', 'ADJ']","['AUX', 'NOUN', 'NOUN', 'PUNCT', 'NOUN']","TagComparison(majority=['AUX', 'PROPN', 'PROPN', 'PUNCT', 'NOUN'], confidence=[1.0, 1.0, 1.0, 1.0, 0.6], minority=[{}, {}, {}, {}, {'stanza': 'PROPN', 'hanta': 'ADJ'}])","['AUX', 'PROPN', 'PROPN', 'PUNCT', 'NOUN']"
Android,52000,getRecentTasks: topActivity=ComponentInfo{com.tencent.mm/com.tencent.mm.plugin.wallet.pay.ui.WalletPayUI},getRecentTasks: topActivity=ComponentInfo{com.tencent.mm/com.tencent.mm.plugin.wallet.pay.ui.WalletPayUI},200,"['getRecentTasks', '.', 'topActivity=ComponentInfo', '(', 'com.tencent.mm/com.tencent.mm.plugin.wallet.pay.ui.WalletPayUI', ')']","['NOUN', 'PUNCT', 'NOUN', 'PUNCT', 'NOUN', 'PUNCT']","['NOUN', 'PUNCT', 'PROPN', 'PUNCT', 'PROPN', 'PUNCT']","['NOUN', 'PUNCT', 'PROPN', 'PUNCT', 'PROPN', 'PUNCT']","['NOUN', 'PUNCT', 'NOUN', 'PUNCT', 'ADJ', 'PUNCT']","['NOUN', 'PUNCT', 'PROPN', 'PUNCT', 'PROPN', 'PUNCT']","TagComparison(majority=['NOUN', 'PUNCT', 'PROPN', 'PUNCT', 'PROPN', 'PUNCT'], confidence=[1.0, 1.0, 1.0, 1.0, 0.6, 1.0], minority=[{}, {}, {}, {}, {'nltk': 'NOUN', 'hanta': 'ADJ'}, {}])","['NOUN', 'PUNCT', 'PROPN', 'PUNCT', 'PROPN', 'PUNCT']"
Android,45955,proxyBroadcast:[com.tencent.mm] proxy:true,proxyBroadcast:[com.tencent.mm] proxy:true,181,"['proxyBroadcast', '.', '(', 'com.tencent.mm', ')', 'proxy', '.', 'true']","['NOUN', 'PUNCT', 'PUNCT', 'NOUN', 'PUNCT', 'NOUN', 'PUNCT', 'ADJ']","['NOUN', 'PUNCT', 'PUNCT', 'NOUN', 'PUNCT', 'NOUN', 'PUNCT', 'ADJ']","['NOUN', 'PUNCT', 'PUNCT', 'NOUN', 'PUNCT', 'NOUN', 'PUNCT', 'ADJ']","['NOUN', 'PUNCT', 'PUNCT', 'NOUN', 'PUNCT', 'NOUN', 'PUNCT', 'ADJ']","['NOUN', 'PUNCT', 'PUNCT', 'PROPN', 'PUNCT', 'NOUN', 'PUNCT', 'ADJ']","TagComparison(majority=['NOUN', 'PUNCT', 'PUNCT', 'PROPN', 'PUNCT', 'NOUN', 'PUNCT', 'ADJ'], confidence=[1.0, 1.0, 1.0, 1.0, 1.0, 1.0, 1.0, 1.0], minority=[{}, {}, {}, {}, {}, {}, {}, {}])","['NOUN', 'PUNCT', 'PUNCT', 'PROPN', 'PUNCT', 'NOUN', 'PUNCT', 'ADJ']"
Android,176013,"action:android.net.conn.DATA_ACTIVITY_CHANGE, mPermissionType:0","action:android.net.conn.DATA_ACTIVITY_CHANGE, <*>",533,"['action', '.', 'android.net.conn.DATA_ACTIVITY_CHANGE', '.', 'mPermissionType:0']","['NOUN', 'PUNCT', 'NOUN', 'PUNCT', 'NOUN']","['NOUN', 'PUNCT', 'PROPN', 'PUNCT', 'PROPN']","['NOUN', 'PUNCT', 'INTJ', 'PUNCT', 'NOUN']","['NOUN', 'PUNCT', 'NOUN', 'PUNCT', 'NUM']","['NOUN', 'PUNCT', 'NOUN', 'PUNCT', 'NOUN']","TagComparison(majority=['NOUN', 'PUNCT', 'NOUN', 'PUNCT', 'NOUN'], confidence=[1.0, 1.0, 0.6, 1.0, 0.6], minority=[{}, {}, {'stanza': 'PROPN', 'spacy': 'INTJ'}, {}, {'stanza': 'PROPN', 'hanta': 'NUM'}])","['NOUN', 'PUNCT', 'NOUN', 'PUNCT', 'NOUN']"
BGL,4213004,ciod: Error creating node map from file map.dat: Bad address,ciod: Error creating node map from file map.dat: Bad address,174,"['ciod', '.', 'Error', 'creating', 'node', 'map', 'from', 'file', 'map.dat', '.', 'Bad', 'address']","['NOUN', 'PUNCT', 'PROPN', 'VERB', 'ADJ', 'NOUN', 'ADP', 'NOUN', 'NOUN', 'PUNCT', 'PROPN', 'NOUN']","['INTJ', 'PUNCT', 'NOUN', 'VERB', 'NOUN', 'NOUN', 'ADP', 'NOUN', 'NOUN', 'PUNCT', 'ADJ', 'NOUN']","['NOUN', 'PUNCT', 'NOUN', 'VERB', 'NOUN', 'NOUN', 'ADP', 'NOUN', 'NOUN', 'PUNCT', 'ADJ', 'NOUN']","['PROPN', 'PUNCT', 'NOUN', 'VERB', 'NOUN', 'NOUN', 'ADP', 'NOUN', 'NOUN', 'PUNCT', 'ADJ', 'NOUN']","['NOUN', 'PUNCT', 'NOUN', 'VERB', 'NOUN', 'NOUN', 'ADP', 'NOUN', 'NOUN', 'PUNCT', 'ADJ', 'NOUN']","TagComparison(majority=['NOUN', 'PUNCT', 'PROPN', 'VERB', 'NOUN', 'NOUN', 'ADP', 'NOUN', 'NOUN', 'PUNCT', 'ADJ', 'NOUN'], confidence=[0.6, 1.0, 1.0, 1.0, 0.8, 1.0, 1.0, 1.0, 1.0, 1.0, 0.8, 1.0], minority=[{'stanza': 'INTJ', 'hanta': 'PROPN'}, {}, {}, {}, {'nltk': 'ADJ'}, {}, {}, {}, {}, {}, {'nltk': 'PROPN'}, {}])","['NOUN', 'PUNCT', 'PROPN', 'VERB', 'NOUN', 'NOUN', 'ADP', 'NOUN', 'NOUN', 'PUNCT', 'ADJ', 'NOUN']"
Android,22120,handleNotifyScreenTurnedOff,handleNotifyScreenTurnedOff,93,['handleNotifyScreenTurnedOff'],['NOUN'],['PROPN'],['NOUN'],['NOUN'],['NOUN'],"TagComparison(majority=['PROPN'], confidence=[1.0], minority=[{}])",['PROPN']
Zookeeper,17627,Revalidating client: 0x34ed9348509000b,Revalidating client: <*>,17,"['Revalidating', 'client', '.', '0x34ed9348509000b']","['VERB', 'NOUN', 'PUNCT', 'NUM']","['VERB', 'NOUN', 'PUNCT', 'PROPN']","['VERB', 'NOUN', 'PUNCT', 'NUM']","['VERB', 'NOUN', 'PUNCT', 'NOUN']","['VERB', 'NOUN', 'PUNCT', 'NOUN']","TagComparison(majority=['VERB', 'NOUN', 'PUNCT', 'NUM'], confidence=[1.0, 1.0, 1.0, 1.0], minority=[{}, {}, {}, {}])","['VERB', 'NOUN', 'PUNCT', 'NUM']"
Android,629217,[LoginActivity.isLoggedIn]isLoggedIn:true,[LoginActivity.isLoggedIn]isLoggedIn:true,1221,"['(', 'LoginActivity.isLoggedIn', ')', 'isLoggedIn', '.', 'true']","['PUNCT', 'PROPN', 'PUNCT', 'NOUN', 'PUNCT', 'ADJ']","['PUNCT', 'PROPN', 'PUNCT', 'PROPN', 'PUNCT', 'ADJ']","['PUNCT', 'PROPN', 'PUNCT', 'NOUN', 'PUNCT', 'ADJ']","['PUNCT', 'ADJ', 'PUNCT', 'NOUN', 'PUNCT', 'ADJ']","['PUNCT', 'PROPN', 'PUNCT', 'NOUN', 'PUNCT', 'ADJ']","TagComparison(majority=['PUNCT', 'PROPN', 'PUNCT', 'PROPN', 'PUNCT', 'ADJ'], confidence=[1.0, 0.8, 1.0, 1.0, 1.0, 1.0], minority=[{}, {'hanta': 'ADJ'}, {}, {}, {}, {}])","['PUNCT', 'PROPN', 'PUNCT', 'PROPN', 'PUNCT', 'ADJ']"
Android,108605,<2016-12-17 20:14:35> [NOTICE] SDK: UE-SeC 2016-12-17 20:14:35:820 Level[NOTICE] magic[2493511968 2756]:WriteSdkGroupItem: hash has same item[HW_LAST_WRITE_APP],<*> [NOTICE] SDK: UE-SeC <*> Level[NOTICE] <*> hash has same item[HW_LAST_WRITE_APP],386,"['<', '2016-12-17', '20:14:35', '>', '(', 'NOTICE', ')', 'SDK', '.', 'UE-SeC', '2016-12-17', '20:14:35:820', 'Level', '(', 'NOTICE', ')', 'magic', '(', '2493511968', '2756', ')', '.', 'WriteSdkGroupItem', '.', 'hash', 'has', 'same', 'item', '(', 'HW_LAST_WRITE_APP', ')']","['ADJ', 'ADJ', 'NUM', 'NOUN', 'PUNCT', 'PROPN', 'PUNCT', 'PROPN', 'PUNCT', 'ADJ', 'ADJ', 'NUM', 'PROPN', 'PUNCT', 'PROPN', 'PUNCT', 'NOUN', 'PUNCT', 'NUM', 'NUM', 'PUNCT', 'PUNCT', 'PROPN', 'PUNCT', 'NOUN', 'VERB', 'ADJ', 'NOUN', 'PUNCT', 'PROPN', 'PUNCT']","['PUNCT', 'NUM', 'NUM', 'PUNCT', 'PUNCT', 'NOUN', 'PUNCT', 'PROPN', 'PUNCT', 'PROPN', 'NUM', 'NUM', 'NOUN', 'PUNCT', 'NOUN', 'PUNCT', 'NOUN', 'PUNCT', 'NUM', 'NUM', 'PUNCT', 'PUNCT', 'PROPN', 'PUNCT', 'NOUN', 'VERB', 'ADJ', 'NOUN', 'PUNCT', 'PROPN', 'PUNCT']","['X', 'NUM', 'NUM', 'X', 'PUNCT', 'NOUN', 'PUNCT', 'PROPN', 'PUNCT', 'VERB', 'NUM', 'NUM', 'PROPN', 'PUNCT', 'NOUN', 'PUNCT', 'NOUN', 'PUNCT', 'NUM', 'NUM', 'PUNCT', 'PUNCT', 'PROPN', 'PUNCT', 'NOUN', 'VERB', 'ADJ', 'NOUN', 'PUNCT', 'PROPN', 'PUNCT']","['NUM', 'NUM', 'NUM', 'NUM', 'PUNCT', 'NOUN', 'PUNCT', 'PROPN', 'PUNCT', 'PROPN', 'NUM', 'NUM', 'NOUN', 'PUNCT', 'NOUN', 'PUNCT', 'NOUN', 'PUNCT', 'NOUN', 'NUM', 'PUNCT', 'PUNCT', 'X', 'PUNCT', 'NOUN', 'AUX', 'ADJ', 'NOUN', 'PUNCT', 'PROPN', 'PUNCT']","['SYM', 'NUM', 'NUM', 'SYM', 'PUNCT', 'NOUN', 'PUNCT', 'PROPN', 'PUNCT', 'PROPN', 'PROPN', 'PROPN', 'PROPN', 'PUNCT', 'NOUN', 'PUNCT', 'NOUN', 'PUNCT', 'NUM', 'NUM', 'PUNCT', 'PUNCT', 'PROPN', 'PUNCT', 'NOUN', 'AUX', 'ADJ', 'NOUN', 'PUNCT', 'PROPN', 'PUNCT']","TagComparison(majority=['PUNCT', 'NUM', 'NUM', 'PUNCT', 'PUNCT', 'PROPN', 'PUNCT', 'PROPN', 'PUNCT', 'PROPN', 'NUM', 'NUM', 'PROPN', 'PUNCT', 'PROPN', 'PUNCT', 'NOUN', 'PUNCT', 'NUM', 'NUM', 'PUNCT', 'PUNCT', 'PROPN', 'PUNCT', 'NOUN', 'AUX', 'ADJ', 'NOUN', 'PUNCT', 'PROPN', 'PUNCT'], confidence=[1.0, 1.0, 1.0, 1.0, 1.0, 1.0, 1.0, 1.0, 1.0, 0.6, 1.0, 1.0, 1.0, 1.0, 1.0, 1.0, 1.0, 1.0, 1.0, 1.0, 1.0, 1.0, 1.0, 1.0, 1.0, 1.0, 1.0, 1.0, 1.0, 1.0, 1.0], minority=[{}, {}, {}, {}, {}, {}, {}, {}, {}, {'nltk': 'ADJ', 'spacy': 'VERB'}, {}, {}, {}, {}, {}, {}, {}, {}, {}, {}, {}, {}, {}, {}, {}, {}, {}, {}, {}, {}, {}])","['PUNCT', 'NUM', 'NUM', 'PUNCT', 'PUNCT', 'PROPN', 'PUNCT', 'PROPN', 'PUNCT', 'PROPN', 'NUM', 'NUM', 'PROPN', 'PUNCT', 'PROPN', 'PUNCT', 'NOUN', 'PUNCT', 'NUM', 'NUM', 'PUNCT', 'PUNCT', 'PROPN', 'PUNCT', 'NOUN', 'AUX', 'ADJ', 'NOUN', 'PUNCT', 'PROPN', 'PUNCT']"
Android,298750,"ambient lux=3.0,timeStamp =449834669401000",ambient <*>,743,"['ambient', 'lux=3.0', '.', 'timeStamp', '=449834669401000']","['ADJ', 'NOUN', 'PUNCT', 'NOUN', 'NOUN']","['ADJ', 'NOUN', 'PUNCT', 'NOUN', 'NUM']","['ADJ', 'ADV', 'PUNCT', 'NOUN', 'PUNCT']","['NOUN', 'NUM', 'PUNCT', 'ADJ', 'NOUN']","['ADJ', 'NOUN', 'PUNCT', 'ADJ', 'NOUN']","TagComparison(majority=['ADJ', 'NOUN', 'PUNCT', 'NOUN', 'NOUN'], confidence=[0.8, 0.6, 1.0, 0.6, 0.6], minority=[{'hanta': 'NOUN'}, {'spacy': 'ADV', 'hanta': 'NUM'}, {}, {'hanta': 'ADJ', 'treetagger': 'ADJ'}, {'stanza': 'NUM', 'spacy': 'PUNCT'}])","['ADJ', 'NOUN', 'PUNCT', 'NOUN', 'NOUN']"
HPC,92114,active,active,44,['active'],['ADJ'],['ADJ'],['ADJ'],['ADJ'],['ADJ'],"TagComparison(majority=['ADJ'], confidence=[1.0], minority=[{}])",['ADJ']
Android,16908,VideoCallFragment - onPause:,VideoCallFragment - onPause:,73,"['VideoCallFragment', '-', 'onPause', '.']","['PROPN', 'PUNCT', 'NOUN', 'PUNCT']","['PROPN', 'PUNCT', 'PROPN', 'PUNCT']","['NOUN', 'PUNCT', 'PROPN', 'PUNCT']","['NOUN', 'ADP', 'NOUN', 'PUNCT']","['PROPN', 'NOUN', 'NOUN', 'PUNCT']","TagComparison(majority=['PROPN', 'PUNCT', 'PROPN', 'PUNCT'], confidence=[1.0, 1.0, 1.0, 1.0], minority=[{}, {}, {}, {}])","['PROPN', 'PUNCT', 'PROPN', 'PUNCT']"
Android,627629,ACDB -> ACDB_CMD_GET_AUDPROC_COMMON_TABLE_SIZE,ACDB -> ACDB_CMD_GET_AUDPROC_COMMON_TABLE_SIZE,1214,"['ACDB', '-', '>', 'ACDB_CMD_GET_AUDPROC_COMMON_TABLE_SIZE']","['PROPN', 'PUNCT', 'NOUN', 'PROPN']","['PROPN', 'PUNCT', 'PUNCT', 'X']","['PROPN', 'PUNCT', 'X', 'ADP']","['NUM', 'ADP', 'NUM', 'ADJ']","['PROPN', 'PROPN', 'SYM', 'ADJ']","TagComparison(majority=['PROPN', 'PUNCT', 'PUNCT', 'ADJ'], confidence=[0.8, 1.0, 1.0, 0.6], minority=[{'hanta': 'NUM'}, {}, {}, {'nltk': 'PROPN', 'spacy': 'ADP'}])","['PROPN', 'PUNCT', 'PUNCT', 'ADJ']"
Android,19535,"updateSystemUiColorLw window=Window{e6a6b5e u0 com.android.incallui/com.android.incallui.InCallActivity},EmuiStyle=1,StatusBarColor=0x0,NavigationBarColor=0x0, mLastIsEmuiLightStyle=1",updateSystemUiColorLw <*>,86,"['updateSystemUiColorLw', 'window=Window', '(', 'e6a6b5e', 'u0', 'com.android.incallui/com.android.incallui.InCallActivity', ')', '.', 'EmuiStyle=1', '.', 'StatusBarColor=0x0', '.', 'NavigationBarColor=0x0', '.', 'mLastIsEmuiLightStyle=1']","['ADJ', 'NOUN', 'PUNCT', 'ADJ', 'ADJ', 'NOUN', 'PUNCT', 'PUNCT', 'PROPN', 'PUNCT', 'PROPN', 'PUNCT', 'PROPN', 'PUNCT', 'NOUN']","['PROPN', 'PROPN', 'PUNCT', 'PROPN', 'PROPN', 'PROPN', 'PUNCT', 'PUNCT', 'PROPN', 'PUNCT', 'PROPN', 'PUNCT', 'PROPN', 'PUNCT', 'PROPN']","['DET', 'NOUN', 'PUNCT', 'ADJ', 'ADJ', 'NOUN', 'PUNCT', 'PUNCT', 'NOUN', 'PUNCT', 'NOUN', 'PUNCT', 'INTJ', 'PUNCT', 'NOUN']","['ADJ', 'NOUN', 'PUNCT', 'X', 'X', 'NOUN', 'PUNCT', 'PUNCT', 'NOUN', 'PUNCT', 'NOUN', 'PUNCT', 'NOUN', 'PUNCT', 'NOUN']","['ADJ', 'NOUN', 'PUNCT', 'ADJ', 'NOUN', 'NOUN', 'PUNCT', 'PUNCT', 'PROPN', 'PUNCT', 'PROPN', 'PUNCT', 'PROPN', 'PUNCT', 'ADJ']","TagComparison(majority=['ADJ', 'PROPN', 'PUNCT', 'ADJ', 'ADJ', 'PROPN', 'PUNCT', 'PUNCT', 'PROPN', 'PUNCT', 'PROPN', 'PUNCT', 'PROPN', 'PUNCT', 'NOUN'], confidence=[0.6, 1.0, 1.0, 0.8, 0.6, 1.0, 1.0, 1.0, 1.0, 1.0, 1.0, 1.0, 0.6, 1.0, 0.6], minority=[{'stanza': 'PROPN', 'spacy': 'DET'}, {}, {}, {'stanza': 'PROPN'}, {'stanza': 'PROPN', 'treetagger': 'NOUN'}, {}, {}, {}, {}, {}, {}, {}, {'spacy': 'INTJ', 'hanta': 'NOUN'}, {}, {'stanza': 'PROPN', 'treetagger': 'ADJ'}])","['ADJ', 'PROPN', 'PUNCT', 'ADJ', 'ADJ', 'PROPN', 'PUNCT', 'PUNCT', 'PROPN', 'PUNCT', 'PROPN', 'PUNCT', 'PROPN', 'PUNCT', 'NOUN']"
Mac,963,Thermal pressure state: 0 Memory pressure state: 0,Thermal pressure state: <*> Memory pressure state: <*>,47,"['Thermal', 'pressure', 'state', '.', '0', 'Memory', 'pressure', 'state', '.', '0']","['ADJ', 'NOUN', 'NOUN', 'PUNCT', 'NUM', 'NOUN', 'NOUN', 'NOUN', 'PUNCT', 'NUM']","['ADJ', 'NOUN', 'NOUN', 'PUNCT', 'NUM', 'NOUN', 'NOUN', 'NOUN', 'PUNCT', 'NUM']","['ADJ', 'NOUN', 'NOUN', 'PUNCT', 'NUM', 'NOUN', 'NOUN', 'NOUN', 'PUNCT', 'NUM']","['ADJ', 'NOUN', 'NOUN', 'PUNCT', 'NUM', 'NOUN', 'NOUN', 'NOUN', 'PUNCT', 'NUM']","['ADJ', 'NOUN', 'NOUN', 'PUNCT', 'NUM', 'PROPN', 'NOUN', 'NOUN', 'PUNCT', 'NUM']","TagComparison(majority=['ADJ', 'NOUN', 'NOUN', 'PUNCT', 'NUM', 'PROPN', 'NOUN', 'NOUN', 'PUNCT', 'NUM'], confidence=[1.0, 1.0, 1.0, 1.0, 1.0, 1.0, 1.0, 1.0, 1.0, 1.0], minority=[{}, {}, {}, {}, {}, {}, {}, {}, {}, {}])","['ADJ', 'NOUN', 'NOUN', 'PUNCT', 'NUM', 'PROPN', 'NOUN', 'NOUN', 'PUNCT', 'NUM']"
Android,16908,VideoCallFragment - onPause:,VideoCallFragment - onPause:,73,"['VideoCallFragment', '-', 'onPause', '.']","['PROPN', 'PUNCT', 'NOUN', 'PUNCT']","['PROPN', 'PUNCT', 'PROPN', 'PUNCT']","['NOUN', 'PUNCT', 'PROPN', 'PUNCT']","['NOUN', 'ADP', 'NOUN', 'PUNCT']","['PROPN', 'NOUN', 'NOUN', 'PUNCT']","TagComparison(majority=['PROPN', 'PUNCT', 'PROPN', 'PUNCT'], confidence=[1.0, 1.0, 1.0, 1.0], minority=[{}, {}, {}, {}])","['PROPN', 'PUNCT', 'PROPN', 'PUNCT']"
OpenSSH,4942,input_userauth_request: invalid user nagios [preauth],input_userauth_request: invalid user nagios [preauth],19,"['input_userauth_request', '.', 'invalid', 'user', 'nagios', '(', 'preauth', ')']","['NOUN', 'PUNCT', 'ADJ', 'ADJ', 'NOUN', 'PUNCT', 'NOUN', 'PUNCT']","['PROPN', 'PUNCT', 'ADJ', 'NOUN', 'NOUN', 'PUNCT', 'NOUN', 'PUNCT']","['X', 'PUNCT', 'ADJ', 'NOUN', 'PROPN', 'PUNCT', 'NOUN', 'PUNCT']","['ADJ', 'PUNCT', 'ADJ', 'NOUN', 'NOUN', 'PUNCT', 'ADJ', 'PUNCT']","['NOUN', 'PUNCT', 'ADJ', 'NOUN', 'NOUN', 'PUNCT', 'NOUN', 'PUNCT']","TagComparison(majority=['NOUN', 'PUNCT', 'ADJ', 'NOUN', 'PROPN', 'PUNCT', 'NOUN', 'PUNCT'], confidence=[0.6, 1.0, 1.0, 0.8, 1.0, 1.0, 0.8, 1.0], minority=[{'stanza': 'PROPN', 'hanta': 'ADJ'}, {}, {}, {'nltk': 'ADJ'}, {}, {}, {'hanta': 'ADJ'}, {}])","['NOUN', 'PUNCT', 'ADJ', 'NOUN', 'PROPN', 'PUNCT', 'NOUN', 'PUNCT']"
Windows,613380,"Appl: detect Parent, Package: Package_88_for_KB3149090~31bf3856ad364e35~amd64~~6.1.1.1, disposition state from detectParent: Absent","Appl: detect Parent, Package: <*> disposition state from detectParent: Absent",11,"['Appl', '.', 'detect', 'Parent', '.', 'Package', '.', 'Package_88_for_KB3149090~31bf3856ad364e35~amd64~~6.1.1.1', '.', 'disposition', 'state', 'from', 'detectParent', '.', 'Absent']","['PROPN', 'PUNCT', 'ADJ', 'NOUN', 'PUNCT', 'NOUN', 'PUNCT', 'PROPN', 'PUNCT', 'NOUN', 'NOUN', 'ADP', 'NOUN', 'PUNCT', 'NOUN']","['NOUN', 'PUNCT', 'VERB', 'NOUN', 'PUNCT', 'NOUN', 'PUNCT', 'PROPN', 'PUNCT', 'NOUN', 'NOUN', 'ADP', 'NOUN', 'PUNCT', 'ADJ']","['PROPN', 'PUNCT', 'VERB', 'PROPN', 'PUNCT', 'NOUN', 'PUNCT', 'INTJ', 'PUNCT', 'NOUN', 'NOUN', 'ADP', 'PROPN', 'PUNCT', 'ADJ']","['PROPN', 'PUNCT', 'VERB', 'NOUN', 'PUNCT', 'NOUN', 'PUNCT', 'NOUN', 'PUNCT', 'NOUN', 'NOUN', 'ADP', 'NOUN', 'PUNCT', 'ADJ']","['PROPN', 'PUNCT', 'VERB', 'PROPN', 'PUNCT', 'NOUN', 'PUNCT', 'PROPN', 'PUNCT', 'NOUN', 'NOUN', 'ADP', 'NOUN', 'PUNCT', 'ADJ']","TagComparison(majority=['PROPN', 'PUNCT', 'VERB', 'PROPN', 'PUNCT', 'NOUN', 'PUNCT', 'PROPN', 'PUNCT', 'NOUN', 'NOUN', 'ADP', 'PROPN', 'PUNCT', 'ADJ'], confidence=[1.0, 1.0, 0.8, 1.0, 1.0, 1.0, 1.0, 0.6, 1.0, 1.0, 1.0, 1.0, 1.0, 1.0, 0.8], minority=[{}, {}, {'nltk': 'ADJ'}, {}, {}, {}, {}, {'spacy': 'INTJ', 'hanta': 'NOUN'}, {}, {}, {}, {}, {}, {}, {'nltk': 'NOUN'}])","['PROPN', 'PUNCT', 'VERB', 'PROPN', 'PUNCT', 'NOUN', 'PUNCT', 'PROPN', 'PUNCT', 'NOUN', 'NOUN', 'ADP', 'PROPN', 'PUNCT', 'ADJ']"
Android,125357,Calling fingersense_touch_up(),Calling fingersense_touch_up(),431,"['Calling', 'fingersense_touch_up', '(', ')']","['VERB', 'NOUN', 'PUNCT', 'PUNCT']","['VERB', 'PROPN', 'PUNCT', 'PUNCT']","['VERB', 'NOUN', 'PUNCT', 'PUNCT']","['VERB', 'NOUN', 'PUNCT', 'PUNCT']","['VERB', 'NOUN', 'PUNCT', 'PUNCT']","TagComparison(majority=['VERB', 'PROPN', 'PUNCT', 'PUNCT'], confidence=[1.0, 1.0, 1.0, 1.0], minority=[{}, {}, {}, {}])","['VERB', 'PROPN', 'PUNCT', 'PUNCT']"
Android,157797,[qiyi_LOG_INFO DownloadEpisodeAdapter] loadImage,[qiyi_LOG_INFO DownloadEpisodeAdapter] loadImage,492,"['(', 'qiyi_LOG_INFO', 'DownloadEpisodeAdapter', ')', 'loadImage']","['PUNCT', 'ADJ', 'PROPN', 'PUNCT', 'NOUN']","['PUNCT', 'PROPN', 'PROPN', 'PUNCT', 'NOUN']","['PUNCT', 'PROPN', 'NOUN', 'PUNCT', 'VERB']","['PUNCT', 'NUM', 'PROPN', 'PUNCT', 'NOUN']","['PUNCT', 'PROPN', 'PROPN', 'PUNCT', 'NOUN']","TagComparison(majority=['PUNCT', 'PROPN', 'PROPN', 'PUNCT', 'NOUN'], confidence=[1.0, 0.6, 1.0, 1.0, 0.8], minority=[{}, {'nltk': 'ADJ', 'hanta': 'NUM'}, {}, {}, {'spacy': 'VERB'}])","['PUNCT', 'PROPN', 'PROPN', 'PUNCT', 'NOUN']"
Android,282162,CtrlSocket receive screen on intent!,CtrlSocket receive screen on intent!,688,"['CtrlSocket', 'receive', 'screen', 'on', 'intent', '.']","['PROPN', 'VERB', 'NOUN', 'ADP', 'NOUN', 'PUNCT']","['PROPN', 'VERB', 'NOUN', 'ADP', 'NOUN', 'PUNCT']","['PROPN', 'VERB', 'NOUN', 'ADP', 'NOUN', 'PUNCT']","['PROPN', 'VERB', 'NOUN', 'ADP', 'NOUN', 'PUNCT']","['NOUN', 'VERB', 'NOUN', 'ADP', 'NOUN', 'PUNCT']","TagComparison(majority=['PROPN', 'VERB', 'NOUN', 'ADP', 'NOUN', 'PUNCT'], confidence=[1.0, 1.0, 1.0, 1.0, 1.0, 1.0], minority=[{}, {}, {}, {}, {}, {}])","['PROPN', 'VERB', 'NOUN', 'ADP', 'NOUN', 'PUNCT']"
OpenSSH,177,Invalid user inspur from 175.102.13.6,Invalid user inspur from <*>,1,"['Invalid', 'user', 'inspur', 'from', '175.102.13.6']","['PROPN', 'NOUN', 'NOUN', 'ADP', 'NUM']","['ADJ', 'NOUN', 'NOUN', 'ADP', 'NUM']","['ADJ', 'NOUN', 'NOUN', 'ADP', 'NUM']","['ADJ', 'NOUN', 'NOUN', 'ADP', 'NUM']","['ADJ', 'NOUN', 'NOUN', 'ADP', 'NUM']","TagComparison(majority=['ADJ', 'NOUN', 'NOUN', 'ADP', 'NUM'], confidence=[0.8, 1.0, 1.0, 1.0, 1.0], minority=[{'nltk': 'PROPN'}, {}, {}, {}, {}])","['ADJ', 'NOUN', 'NOUN', 'ADP', 'NUM']"
Android,1539966,AwareMem_Kill: empty group list!,AwareMem_Kill: empty group list!,2192,"['AwareMem_Kill', '.', 'empty', 'group', 'list', '.']","['PROPN', 'PUNCT', 'ADJ', 'NOUN', 'NOUN', 'PUNCT']","['PROPN', 'PUNCT', 'ADJ', 'NOUN', 'NOUN', 'PUNCT']","['NOUN', 'PUNCT', 'ADJ', 'NOUN', 'NOUN', 'PUNCT']","['PROPN', 'PUNCT', 'ADJ', 'NOUN', 'NOUN', 'PUNCT']","['PROPN', 'PUNCT', 'ADJ', 'NOUN', 'NOUN', 'PUNCT']","TagComparison(majority=['PROPN', 'PUNCT', 'ADJ', 'NOUN', 'NOUN', 'PUNCT'], confidence=[1.0, 1.0, 1.0, 1.0, 1.0, 1.0], minority=[{}, {}, {}, {}, {}, {}])","['PROPN', 'PUNCT', 'ADJ', 'NOUN', 'NOUN', 'PUNCT']"
Android,1102067,"app_arch = 1, total_files = 8",app_arch = <*> total_files = <*>,1743,"['app_arch', '=', '1', '.', 'total_files', '=', '8']","['NOUN', 'VERB', 'NUM', 'PUNCT', 'NOUN', 'VERB', 'NUM']","['NOUN', 'SYM', 'NUM', 'PUNCT', 'NOUN', 'SYM', 'NUM']","['NOUN', 'SYM', 'NUM', 'PUNCT', 'NOUN', 'SYM', 'NUM']","['VERB', 'NUM', 'NUM', 'PUNCT', 'NOUN', 'NOUN', 'NUM']","['NOUN', 'SYM', 'NUM', 'PUNCT', 'NOUN', 'SYM', 'NUM']","TagComparison(majority=['NOUN', 'SYM', 'NUM', 'PUNCT', 'NOUN', 'SYM', 'NUM'], confidence=[0.8, 0.6, 1.0, 1.0, 1.0, 0.6, 1.0], minority=[{'hanta': 'VERB'}, {'nltk': 'VERB', 'hanta': 'NUM'}, {}, {}, {}, {'nltk': 'VERB', 'hanta': 'NOUN'}, {}])","['NOUN', 'SYM', 'NUM', 'PUNCT', 'NOUN', 'SYM', 'NUM']"
Android,45511,onShowStatusChange show:false,onShowStatusChange show:false,178,"['onShowStatusChange', 'show', '.', 'false']","['NOUN', 'NOUN', 'PUNCT', 'ADJ']","['PROPN', 'VERB', 'PUNCT', 'ADJ']","['NOUN', 'NOUN', 'PUNCT', 'ADJ']","['NOUN', 'NOUN', 'PUNCT', 'ADJ']","['NOUN', 'NOUN', 'PUNCT', 'ADJ']","TagComparison(majority=['PROPN', 'NOUN', 'PUNCT', 'ADJ'], confidence=[1.0, 0.8, 1.0, 1.0], minority=[{}, {'stanza': 'VERB'}, {}, {}])","['PROPN', 'NOUN', 'PUNCT', 'ADJ']"
Thunderbird,156203483,Sun May 7 09:48:32 MDT 2006,Sun May <*> MDT <*>,726,"['Sun', 'May', '7', '09:48:32', 'MDT', '2006']","['PROPN', 'PROPN', 'NUM', 'NUM', 'NOUN', 'NUM']","['PROPN', 'PROPN', 'NUM', 'NUM', 'PROPN', 'NUM']","['PROPN', 'PROPN', 'NUM', 'NUM', 'PROPN', 'NUM']","['NOUN', 'PROPN', 'NUM', 'NUM', 'PROPN', 'NUM']","['PROPN', 'PROPN', 'NUM', 'NUM', 'PROPN', 'NUM']","TagComparison(majority=['PROPN', 'PROPN', 'NUM', 'NUM', 'PROPN', 'NUM'], confidence=[1.0, 1.0, 1.0, 1.0, 1.0, 1.0], minority=[{}, {}, {}, {}, {}, {}])","['PROPN', 'PROPN', 'NUM', 'NUM', 'PROPN', 'NUM']"
Mac,9862,-[ISGenerateImageOp generateImageWithCompletion:] Failed to composit image for descriptor <ISBindingImageDescriptor: 0x7f9950712080>.,-[ISGenerateImageOp generateImageWithCompletion:] Failed to composit image for descriptor <ISBindingImageDescriptor: <*>,179,"['-', '(', 'ISGenerateImageOp', 'generateImageWithCompletion', '.', ')', 'Failed', 'to', 'composit', 'image', 'for', 'descriptor', '<', 'ISBindingImageDescriptor', '.', '0x7f9950712080', '>', '.']","['PUNCT', 'PUNCT', 'PROPN', 'NOUN', 'PUNCT', 'PUNCT', 'VERB', 'PART', 'VERB', 'NOUN', 'ADP', 'NOUN', 'PROPN', 'PROPN', 'PUNCT', 'NUM', 'NOUN', 'PUNCT']","['PUNCT', 'PUNCT', 'PROPN', 'PROPN', 'PUNCT', 'PUNCT', 'VERB', 'PART', 'VERB', 'NOUN', 'ADP', 'NOUN', 'PUNCT', 'PROPN', 'PUNCT', 'NUM', 'PUNCT', 'PUNCT']","['PUNCT', 'PUNCT', 'NOUN', 'PROPN', 'PUNCT', 'PUNCT', 'VERB', 'PART', 'VERB', 'NOUN', 'ADP', 'NOUN', 'X', 'NOUN', 'PUNCT', 'X', 'X', 'PUNCT']","['ADP', 'PUNCT', 'PROPN', 'NOUN', 'PUNCT', 'PUNCT', 'VERB', 'ADP', 'ADJ', 'NOUN', 'ADP', 'NOUN', 'NUM', 'NOUN', 'PUNCT', 'NUM', 'NUM', 'PUNCT']","['PROPN', 'PUNCT', 'PROPN', 'NOUN', 'PUNCT', 'PUNCT', 'VERB', 'PART', 'VERB', 'NOUN', 'ADP', 'NOUN', 'SYM', 'PROPN', 'PUNCT', 'NOUN', 'SYM', 'PUNCT']","TagComparison(majority=['PUNCT', 'PUNCT', 'PROPN', 'PROPN', 'PUNCT', 'PUNCT', 'VERB', 'PART', 'VERB', 'NOUN', 'ADP', 'NOUN', 'PUNCT', 'PROPN', 'PUNCT', 'NUM', 'PUNCT', 'PUNCT'], confidence=[1.0, 1.0, 1.0, 1.0, 1.0, 1.0, 1.0, 0.8, 0.8, 1.0, 1.0, 1.0, 1.0, 1.0, 1.0, 1.0, 1.0, 1.0], minority=[{}, {}, {}, {}, {}, {}, {}, {'hanta': 'ADP'}, {'hanta': 'ADJ'}, {}, {}, {}, {}, {}, {}, {}, {}, {}])","['PUNCT', 'PUNCT', 'PROPN', 'PROPN', 'PUNCT', 'PUNCT', 'VERB', 'PART', 'VERB', 'NOUN', 'ADP', 'NOUN', 'PUNCT', 'PROPN', 'PUNCT', 'NUM', 'PUNCT', 'PUNCT']"
OpenStack,44,[instance: 3edec1e4-9678-4a3a-a21b-a145a4ee5e61] Took 20.58 seconds to spawn the instance on the hypervisor.,[instance: <*> Took <*> seconds to spawn the instance on the hypervisor.,1,"['(', 'instance', '.', '3edec1e4-9678-4a3a-a21b-a145a4ee5e61', ')', 'Took', '20.58', 'seconds', 'to', 'spawn', 'the', 'instance', 'on', 'the', 'hypervisor', '.']","['PUNCT', 'NOUN', 'PUNCT', 'ADJ', 'PUNCT', 'VERB', 'NUM', 'NOUN', 'PART', 'VERB', 'DET', 'NOUN', 'ADP', 'DET', 'NOUN', 'PUNCT']","['PUNCT', 'NOUN', 'PUNCT', 'PROPN', 'PUNCT', 'VERB', 'NUM', 'NOUN', 'PART', 'VERB', 'DET', 'NOUN', 'ADP', 'DET', 'NOUN', 'PUNCT']","['PUNCT', 'NOUN', 'PUNCT', 'X', 'PUNCT', 'VERB', 'NUM', 'NOUN', 'PART', 'VERB', 'DET', 'NOUN', 'ADP', 'DET', 'NOUN', 'PUNCT']","['PUNCT', 'NOUN', 'PUNCT', 'ADJ', 'PUNCT', 'VERB', 'NUM', 'NOUN', 'PART', 'VERB', 'DET', 'NOUN', 'ADP', 'DET', 'NOUN', 'PUNCT']","['PUNCT', 'NOUN', 'PUNCT', 'ADJ', 'PUNCT', 'VERB', 'NUM', 'NOUN', 'PART', 'VERB', 'DET', 'NOUN', 'ADP', 'DET', 'NOUN', 'PUNCT']","TagComparison(majority=['PUNCT', 'NOUN', 'PUNCT', 'NUM', 'PUNCT', 'VERB', 'NUM', 'NOUN', 'PART', 'VERB', 'DET', 'NOUN', 'ADP', 'DET', 'NOUN', 'PUNCT'], confidence=[1.0, 1.0, 1.0, 1.0, 1.0, 1.0, 1.0, 1.0, 1.0, 1.0, 1.0, 1.0, 1.0, 1.0, 1.0, 1.0], minority=[{}, {}, {}, {}, {}, {}, {}, {}, {}, {}, {}, {}, {}, {}, {}, {}])","['PUNCT', 'NOUN', 'PUNCT', 'NUM', 'PUNCT', 'VERB', 'NUM', 'NOUN', 'PART', 'VERB', 'DET', 'NOUN', 'ADP', 'DET', 'NOUN', 'PUNCT']"
Thunderbird,27806289,THH kernel module initialized successfully,THH kernel module initialized successfully,231,"['THH', 'kernel', 'module', 'initialized', 'successfully']","['PROPN', 'NOUN', 'NOUN', 'VERB', 'ADV']","['PROPN', 'NOUN', 'NOUN', 'VERB', 'ADV']","['ADJ', 'NOUN', 'NOUN', 'VERB', 'ADV']","['INTJ', 'NOUN', 'NOUN', 'VERB', 'ADV']","['PROPN', 'NOUN', 'NOUN', 'VERB', 'ADV']","TagComparison(majority=['PROPN', 'NOUN', 'NOUN', 'VERB', 'ADV'], confidence=[0.6, 1.0, 1.0, 1.0, 1.0], minority=[{'spacy': 'ADJ', 'hanta': 'INTJ'}, {}, {}, {}, {}])","['PROPN', 'NOUN', 'NOUN', 'VERB', 'ADV']"
BGL,1108765,1 torus receiver x- input pipe error(s) (dcr 0x02ed) detected and corrected,<*> torus receiver x- input pipe error(s) (dcr <*> detected and corrected,70,"['1', 'torus', 'receiver', 'x-', 'input', 'pipe', 'error', '(', 's', ')', '(', 'dcr', '0x02ed', ')', 'detected', 'and', 'corrected']","['NUM', 'ADJ', 'ADV', 'ADJ', 'NOUN', 'NOUN', 'NOUN', 'PUNCT', 'NOUN', 'PUNCT', 'PUNCT', 'SYM', 'NUM', 'PUNCT', 'VERB', 'CCONJ', 'VERB']","['NUM', 'NOUN', 'NOUN', 'NOUN', 'NOUN', 'NOUN', 'NOUN', 'PUNCT', 'X', 'PUNCT', 'PUNCT', 'NOUN', 'NOUN', 'PUNCT', 'VERB', 'CCONJ', 'VERB']","['NUM', 'NOUN', 'NOUN', 'X', 'NOUN', 'NOUN', 'NOUN', 'PUNCT', 'X', 'PUNCT', 'PUNCT', 'NOUN', 'X', 'PUNCT', 'VERB', 'CCONJ', 'VERB']","['NUM', 'NOUN', 'NOUN', 'NUM', 'NOUN', 'NOUN', 'NOUN', 'PUNCT', 'NOUN', 'PUNCT', 'PUNCT', 'NOUN', 'NOUN', 'PUNCT', 'VERB', 'CCONJ', 'VERB']","['NUM', 'NOUN', 'NOUN', 'NOUN', 'NOUN', 'NOUN', 'NOUN', 'PUNCT', 'NOUN', 'PUNCT', 'PUNCT', 'NOUN', 'NOUN', 'PUNCT', 'VERB', 'CCONJ', 'VERB']","TagComparison(majority=['NUM', 'NOUN', 'NOUN', 'NOUN', 'NOUN', 'NOUN', 'NOUN', 'PUNCT', 'NOUN', 'PUNCT', 'PUNCT', 'NOUN', 'NUM', 'PUNCT', 'VERB', 'CCONJ', 'VERB'], confidence=[1.0, 0.8, 0.8, 0.6, 1.0, 1.0, 1.0, 1.0, 1.0, 1.0, 1.0, 0.8, 1.0, 1.0, 1.0, 1.0, 1.0], minority=[{}, {'nltk': 'ADJ'}, {'nltk': 'ADV'}, {'nltk': 'ADJ', 'hanta': 'NUM'}, {}, {}, {}, {}, {}, {}, {}, {'nltk': 'SYM'}, {}, {}, {}, {}, {}])","['NUM', 'NOUN', 'NOUN', 'NOUN', 'NOUN', 'NOUN', 'NOUN', 'PUNCT', 'NOUN', 'PUNCT', 'PUNCT', 'NOUN', 'NUM', 'PUNCT', 'VERB', 'CCONJ', 'VERB']"
Thunderbird,43486407,BIOS-e820: 00000000bffc0000 - 00000000bffcfc00 (ACPI data),<*> - <*> (ACPI data),420,"['BIOS-e820', '.', '00000000bffc0000', '-', '00000000bffcfc00', '(', 'ACPI', 'data', ')']","['PROPN', 'PUNCT', 'NUM', 'PUNCT', 'NUM', 'PUNCT', 'PROPN', 'NOUN', 'PUNCT']","['PROPN', 'PUNCT', 'NUM', 'PUNCT', 'NUM', 'PUNCT', 'NOUN', 'NOUN', 'PUNCT']","['INTJ', 'PUNCT', 'NUM', 'PUNCT', 'NUM', 'PUNCT', 'PROPN', 'NOUN', 'PUNCT']","['NUM', 'PUNCT', 'NOUN', 'ADP', 'NOUN', 'PUNCT', 'PROPN', 'NOUN', 'PUNCT']","['PROPN', 'PUNCT', 'ADJ', 'NOUN', 'NOUN', 'PUNCT', 'PROPN', 'NOUN', 'PUNCT']","TagComparison(majority=['PROPN', 'PUNCT', 'NUM', 'PUNCT', 'NUM', 'PUNCT', 'PROPN', 'NOUN', 'PUNCT'], confidence=[0.6, 1.0, 1.0, 1.0, 1.0, 1.0, 1.0, 1.0, 1.0], minority=[{'spacy': 'INTJ', 'hanta': 'NUM'}, {}, {}, {}, {}, {}, {}, {}, {}])","['PROPN', 'PUNCT', 'NUM', 'PUNCT', 'NUM', 'PUNCT', 'PROPN', 'NOUN', 'PUNCT']"
Thunderbird,7720078,ip_tables: (C) 2000-2002 Netfilter core team,ip_tables: (C) <*> Netfilter core team,109,"['ip_tables', '.', '(', 'C', ')', '2000-2002', 'Netfilter', 'core', 'team']","['NOUN', 'PUNCT', 'PUNCT', 'PROPN', 'PUNCT', 'ADJ', 'PROPN', 'NOUN', 'NOUN']","['NOUN', 'PUNCT', 'PUNCT', 'PROPN', 'PUNCT', 'NUM', 'NOUN', 'NOUN', 'NOUN']","['NOUN', 'PUNCT', 'PUNCT', 'NOUN', 'PUNCT', 'NOUN', 'PROPN', 'NOUN', 'NOUN']","['NOUN', 'PUNCT', 'PUNCT', 'PROPN', 'PUNCT', 'NUM', 'PROPN', 'NOUN', 'NOUN']","['NOUN', 'PUNCT', 'PUNCT', 'X', 'PUNCT', 'NUM', 'NOUN', 'NOUN', 'NOUN']","TagComparison(majority=['NOUN', 'PUNCT', 'PUNCT', 'PROPN', 'PUNCT', 'NUM', 'PROPN', 'NOUN', 'NOUN'], confidence=[1.0, 1.0, 1.0, 1.0, 1.0, 0.6, 1.0, 1.0, 1.0], minority=[{}, {}, {}, {}, {}, {'nltk': 'ADJ', 'spacy': 'NOUN'}, {}, {}, {}])","['NOUN', 'PUNCT', 'PUNCT', 'PROPN', 'PUNCT', 'NUM', 'PROPN', 'NOUN', 'NOUN']"
BGL,383488,data storage interrupt,data storage interrupt,23,"['data', 'storage', 'interrupt']","['NOUN', 'NOUN', 'NOUN']","['NOUN', 'NOUN', 'VERB']","['NOUN', 'NOUN', 'VERB']","['NOUN', 'NOUN', 'VERB']","['NOUN', 'NOUN', 'VERB']","TagComparison(majority=['NOUN', 'NOUN', 'VERB'], confidence=[1.0, 1.0, 0.8], minority=[{}, {}, {'nltk': 'NOUN'}])","['NOUN', 'NOUN', 'VERB']"
OpenSSH,569,Failed password for root from 187.141.143.180 port 47004 ssh2,Failed password for root from <*> port <*>,5,"['Failed', 'password', 'for', 'root', 'from', '187.141.143.180', 'port', '47004', 'ssh2']","['VERB', 'NOUN', 'ADP', 'NOUN', 'ADP', 'NUM', 'NOUN', 'NUM', 'NOUN']","['VERB', 'NOUN', 'ADP', 'NOUN', 'ADP', 'NUM', 'NOUN', 'NUM', 'NOUN']","['VERB', 'NOUN', 'ADP', 'NOUN', 'ADP', 'NUM', 'NOUN', 'NUM', 'PROPN']","['VERB', 'NOUN', 'ADP', 'NOUN', 'ADP', 'NOUN', 'NOUN', 'NUM', 'NUM']","['VERB', 'NOUN', 'ADP', 'NOUN', 'ADP', 'NUM', 'NOUN', 'NUM', 'NOUN']","TagComparison(majority=['VERB', 'NOUN', 'ADP', 'NOUN', 'ADP', 'NUM', 'NOUN', 'NUM', 'NOUN'], confidence=[1.0, 1.0, 1.0, 1.0, 1.0, 0.8, 1.0, 1.0, 0.6], minority=[{}, {}, {}, {}, {}, {'hanta': 'NOUN'}, {}, {}, {'spacy': 'PROPN', 'hanta': 'NUM'}])","['VERB', 'NOUN', 'ADP', 'NOUN', 'ADP', 'NUM', 'NOUN', 'NUM', 'NOUN']"
HPC,68897,ServerFileSystem: ServerFileSystem domain storage232 is full,ServerFileSystem: ServerFileSystem domain <*> is full,27,"['ServerFileSystem', '.', 'ServerFileSystem', 'domain', 'storage232', 'is', 'full']","['PROPN', 'PUNCT', 'PROPN', 'NOUN', 'NOUN', 'VERB', 'ADJ']","['PROPN', 'PUNCT', 'PROPN', 'NOUN', 'NOUN', 'AUX', 'ADJ']","['ADV', 'PUNCT', 'PROPN', 'NOUN', 'PROPN', 'AUX', 'ADJ']","['INTJ', 'PUNCT', 'X', 'NOUN', 'NUM', 'AUX', 'ADJ']","['PROPN', 'PUNCT', 'PROPN', 'NOUN', 'NOUN', 'VERB', 'ADJ']","TagComparison(majority=['PROPN', 'PUNCT', 'PROPN', 'NOUN', 'NOUN', 'AUX', 'ADJ'], confidence=[0.6, 1.0, 1.0, 1.0, 0.6, 1.0, 1.0], minority=[{'spacy': 'ADV', 'hanta': 'INTJ'}, {}, {}, {}, {'spacy': 'PROPN', 'hanta': 'NUM'}, {}, {}])","['PROPN', 'PUNCT', 'PROPN', 'NOUN', 'NOUN', 'AUX', 'ADJ']"
Android,1369467,#04 pc 000170d8  /system/lib/libc.so (abort+4),<*> pc <*> /system/lib/libc.so <*>,2034,"['#', '04', 'pc', '000170d8', '/system/lib/libc.so', '(', 'abort+4', ')']","['SYM', 'NUM', 'NOUN', 'NUM', 'NOUN', 'PUNCT', 'NOUN', 'PUNCT']","['SYM', 'NUM', 'NOUN', 'NUM', 'NOUN', 'PUNCT', 'NOUN', 'PUNCT']","['SYM', 'NUM', 'NOUN', 'PROPN', 'PUNCT', 'PUNCT', 'NOUN', 'PUNCT']","['NUM', 'NUM', 'NUM', 'NUM', 'NOUN', 'PUNCT', 'NUM', 'PUNCT']","['SYM', 'NUM', 'NOUN', 'NOUN', 'NOUN', 'PUNCT', 'NOUN', 'PUNCT']","TagComparison(majority=['PUNCT', 'NUM', 'NOUN', 'NUM', 'NOUN', 'PUNCT', 'NOUN', 'PUNCT'], confidence=[1.0, 1.0, 0.8, 1.0, 0.8, 1.0, 0.8, 1.0], minority=[{}, {}, {'hanta': 'NUM'}, {}, {'spacy': 'PUNCT'}, {}, {'hanta': 'NUM'}, {}])","['PUNCT', 'NUM', 'NOUN', 'NUM', 'NOUN', 'PUNCT', 'NOUN', 'PUNCT']"
Thunderbird,7153041,net.core.rmem_default = 262144,net.core.rmem_default = <*>,92,"['net.core.rmem_default', '=', '262144']","['NOUN', 'VERB', 'NUM']","['PROPN', 'SYM', 'NUM']","['ADV', 'SYM', 'NUM']","['NOUN', 'NOUN', 'NUM']","['NOUN', 'SYM', 'NUM']","TagComparison(majority=['NOUN', 'SYM', 'NUM'], confidence=[0.6, 0.6, 1.0], minority=[{'stanza': 'PROPN', 'spacy': 'ADV'}, {'nltk': 'VERB', 'hanta': 'NOUN'}, {}])","['NOUN', 'SYM', 'NUM']"
